Time,michelle_yeoh
2022-01-01,16.0
2022-01-02,10.0
2022-01-03,14.0
2022-01-04,14.0
2022-01-05,8.0
2022-01-06,5.0
2022-01-07,10.0
2022-01-08,12.0
2022-01-09,15.0
2022-01-10,10.0
2022-01-11,11.0
2022-01-12,7.0
2022-01-13,6.0
2022-01-14,6.0
2022-01-15,10.0
2022-01-16,10.0
2022-01-17,8.0
2022-01-18,6.0
2022-01-19,6.0
2022-01-20,6.0
2022-01-21,8.0
2022-01-22,11.0
2022-01-23,14.0
2022-01-24,13.0
2022-01-25,6.0
2022-01-26,6.0
2022-01-27,9.0
2022-01-28,6.0
2022-01-29,0.0
2022-01-30,5.0
2022-01-31,6.0
2022-02-01,10.0
2022-02-02,8.0
2022-02-03,0.0
2022-02-04,4.0
2022-02-05,9.0
2022-02-06,6.0
2022-02-07,5.0
2022-02-08,4.0
2022-02-09,8.0
2022-02-10,4.0
2022-02-11,7.0
2022-02-12,0.0
2022-02-13,10.0
2022-02-14,8.0
2022-02-15,5.0
2022-02-16,5.0
2022-02-17,6.0
2022-02-18,8.0
2022-02-19,7.0
2022-02-20,6.0
2022-02-21,4.0
2022-02-22,5.0
2022-02-23,3.0
2022-02-24,4.0
2022-02-25,7.0
2022-02-26,10.0
2022-02-27,9.0
2022-02-28,8.0
2022-03-01,3.0
2022-03-02,9.0
2022-03-03,10.0
2022-03-04,8.0
2022-03-05,10.0
2022-03-06,7.0
2022-03-07,10.0
2022-03-08,7.0
2022-03-09,6.0
2022-03-10,7.0
2022-03-11,8.0
2022-03-12,26.0
2022-03-13,20.0
2022-03-14,14.0
2022-03-15,12.0
2022-03-16,15.0
2022-03-17,16.0
2022-03-18,12.0
2022-03-19,19.0
2022-03-20,23.0
2022-03-21,12.0
2022-03-22,13.0
2022-03-23,13.0
2022-03-24,16.0
2022-03-25,25.0
2022-03-26,30.0
2022-03-27,38.0
2022-03-28,16.0
2022-03-29,12.0
2022-03-30,15.0
2022-03-31,19.0
2022-04-01,24.0
2022-04-02,32.0
2022-04-03,36.0
2022-04-04,22.0
2022-04-05,27.0
2022-04-06,29.0
2022-04-07,70.0
2022-04-08,86.0
2022-04-09,97.0
2022-04-10,90.0
2022-04-11,68.0
2022-04-12,53.0
2022-04-13,59.0
2022-04-14,89.0
2022-04-15,89.0
2022-04-16,100.0
2022-04-17,93.0
2022-04-18,64.0
2022-04-19,43.0
2022-04-20,45.0
2022-04-21,44.0
2022-04-22,40.0
2022-04-23,61.0
2022-04-24,45.0
2022-04-25,56.0
2022-04-26,44.0
2022-04-27,34.0
2022-04-28,25.0
2022-04-29,27.0
2022-04-30,42.0
2022-05-01,41.0
2022-05-02,51.0
2022-05-03,57.0
2022-05-04,32.0
2022-05-05,26.0
2022-05-06,29.0
2022-05-07,50.0
2022-05-08,45.0
2022-05-09,26.0
2022-05-10,16.0
2022-05-11,22.0
2022-05-12,25.0
2022-05-13,23.0
2022-05-14,32.0
2022-05-15,41.0
2022-05-16,29.0
2022-05-17,20.0
2022-05-18,26.0
2022-05-19,23.0
2022-05-20,26.0
2022-05-21,38.0
2022-05-22,42.0
2022-05-23,41.0
2022-05-24,34.0
2022-05-25,25.0
2022-05-26,21.0
2022-05-27,26.0
2022-05-28,29.0
2022-05-29,47.0
2022-05-30,39.0
2022-05-31,25.0
2022-06-01,17.0
2022-06-02,17.0
2022-06-03,17.0
2022-06-04,19.0
2022-06-05,29.0
2022-06-06,16.0
2022-06-07,17.0
2022-06-08,21.0
2022-06-09,20.0
2022-06-10,21.0
2022-06-11,28.0
2022-06-12,35.0
2022-06-13,25.0
2022-06-14,23.0
2022-06-15,15.0
2022-06-16,19.0
2022-06-17,19.0
2022-06-18,21.0
2022-06-19,28.0
2022-06-20,22.0
2022-06-21,17.0
2022-06-22,13.0
2022-06-23,16.0
2022-06-24,14.0
2022-06-25,16.0
2022-06-26,23.0
2022-06-27,17.0
2022-06-28,15.0
2022-06-29,10.0
2022-06-30,15.0
2022-07-01,22.0
2022-07-02,27.0
2022-07-03,28.0
2022-07-04,46.0
2022-07-05,20.0
2022-07-06,20.0
2022-07-07,21.0
2022-07-08,20.0
2022-07-09,24.0
2022-07-10,36.0
2022-07-11,23.0
2022-07-12,19.0
2022-07-13,13.0
2022-07-14,13.0
2022-07-15,17.0
2022-07-16,21.0
2022-07-17,24.0
2022-07-18,17.0
2022-07-19,15.0
2022-07-20,12.0
2022-07-21,13.0
2022-07-22,11.0
2022-07-23,19.0
2022-07-24,24.0
2022-07-25,17.0
2022-07-26,12.0
2022-07-27,13.0
2022-07-28,11.0
2022-07-29,16.0
2022-07-30,23.0
2022-07-31,28.0
2022-08-01,16.0
2022-08-02,14.0
2022-08-03,14.0
2022-08-04,15.0
2022-08-05,15.0
2022-08-06,36.0
2022-08-07,36.0
2022-08-08,27.0
2022-08-09,16.0
2022-08-10,19.0
2022-08-11,19.0
2022-08-12,16.0
2022-08-13,19.0
2022-08-14,23.0
2022-08-15,14.0
2022-08-16,11.0
2022-08-17,16.0
2022-08-18,31.0
2022-08-19,37.0
2022-08-20,31.0
2022-08-21,33.0
2022-08-22,28.0
2022-08-23,18.0
2022-08-24,17.0
2022-08-25,11.0
2022-08-26,10.0
2022-08-27,15.0
2022-08-28,15.0
2022-08-29,4.0
2022-08-30,3.5
2022-08-31,4.5
2022-09-01,4.5
2022-09-02,3.5
2022-09-03,7.0
2022-09-04,5.5
2022-09-05,9.5
2022-09-06,3.5
2022-09-07,2.5
2022-09-08,4.5
2022-09-09,3.0
2022-09-10,6.5
2022-09-11,8.0
2022-09-12,12.0
2022-09-13,10.5
2022-09-14,10.5
2022-09-15,6.0
2022-09-16,5.0
2022-09-17,7.0
2022-09-18,5.5
2022-09-19,4.0
2022-09-20,4.0
2022-09-21,5.0
2022-09-22,4.0
2022-09-23,6.0
2022-09-24,7.5
2022-09-25,7.0
2022-09-26,6.0
2022-09-27,5.0
2022-09-28,0.0
2022-09-29,0.0
2022-09-30,0.0
2022-10-01,0.0
2022-10-02,0.0
2022-10-03,0.0
2022-10-04,0.0
2022-10-05,0.0
2022-10-06,0.0
2022-10-07,0.0
2022-10-08,0.0
2022-10-09,0.0
2022-10-10,0.0
2022-10-11,0.0
2022-10-12,1.0
2022-10-13,1.0
2022-10-14,0.0
2022-10-15,0.0
2022-10-16,1.0
2022-10-17,0.0
2022-10-18,0.0
2022-10-19,1.0
2022-10-20,0.0
2022-10-21,0.0
2022-10-22,1.0
2022-10-23,1.0
2022-10-24,0.0
2022-10-25,0.0
2022-10-26,0.0
2022-10-27,0.0
2022-10-28,0.0
2022-10-29,0.0
2022-10-30,1.0
2022-10-31,0.0
2022-11-01,0.0
2022-11-02,0.0
2022-11-03,0.0
2022-11-04,0.0
2022-11-05,0.0
2022-11-06,0.0
2022-11-07,0.0
2022-11-08,0.0
2022-11-09,0.0
2022-11-10,0.0
2022-11-11,0.0
2022-11-12,0.0
2022-11-13,0.0
2022-11-14,0.0
2022-11-15,0.0
2022-11-16,0.0
2022-11-17,0.0
2022-11-18,0.0
2022-11-19,0.0
2022-11-20,0.0
2022-11-21,0.0
2022-11-22,0.0
2022-11-23,0.0
2022-11-24,0.0
2022-11-25,0.0
2022-11-26,0.0
2022-11-27,1.0
2022-11-28,0.0
2022-11-29,0.0
2022-11-30,0.0
2022-12-01,0.0
2022-12-02,0.0
2022-12-03,0.0
2022-12-04,1.0
2022-12-05,1.0
2022-12-06,1.0
2022-12-07,1.0
2022-12-08,2.0
2022-12-09,2.0
2022-12-10,1.0
2022-12-11,1.0
2022-12-12,1.0
2022-12-13,1.0
2022-12-14,0.0
2022-12-15,1.0
2022-12-16,1.0
2022-12-17,1.0
2022-12-18,1.0
2022-12-19,1.0
2022-12-20,1.0
2022-12-21,1.0
2022-12-22,2.0
2022-12-23,1.0
2022-12-24,1.0
2022-12-25,1.0
2022-12-26,2.0
2022-12-27,2.0
2022-12-28,1.0
2022-12-29,1.0
2022-12-30,1.0
2022-12-31,1.0
2023-01-01,1.0
2023-01-02,1.0
2023-01-03,1.0
2023-01-04,1.0
2023-01-05,1.0
2023-01-06,1.0
2023-01-07,1.0
2023-01-08,4.0
2023-01-09,2.0
2023-01-10,1.0
2023-01-11,20.0
2023-01-12,11.0
2023-01-13,4.0
2023-01-14,4.0
2023-01-15,4.0
2023-01-16,5.0
2023-01-17,3.0
2023-01-18,2.0
2023-01-19,1.0
2023-01-20,1.0
2023-01-21,2.0
2023-01-22,1.0
2023-01-23,1.0
2023-01-24,3.0
2023-01-25,3.0
2023-01-26,2.0
2023-01-27,1.0
2023-01-28,2.0
2023-01-29,2.0
2023-01-30,1.0
2023-01-31,1.0
2023-02-01,1.0
2023-02-02,1.0
2023-02-03,1.0
2023-02-04,2.0
2023-02-05,2.0
2023-02-06,1.0
2023-02-07,1.0
2023-02-08,1.0
2023-02-09,1.0
2023-02-10,1.0
2023-02-11,1.0
2023-02-12,1.0
2023-02-13,1.0
2023-02-14,1.0
2023-02-15,1.0
2023-02-16,1.0
2023-02-17,1.0
2023-02-18,1.0
2023-02-19,2.0
2023-02-20,2.0
2023-02-21,1.0
2023-02-22,1.0
2023-02-23,1.0
2023-02-24,1.0
2023-02-25,1.0
2023-02-26,1.0
2023-02-27,5.0
2023-02-28,3.0
2023-03-01,3.0
2023-03-02,3.0
2023-03-03,2.0
2023-03-04,3.0
2023-03-05,5.0
2023-03-06,3.0
2023-03-07,2.0
2023-03-08,2.0
2023-03-09,2.0
2023-03-10,2.0
2023-03-11,3.0
2023-03-12,9.0
2023-03-13,100.0
2023-03-14,26.0
2023-03-15,9.0
2023-03-16,6.0
2023-03-17,5.0
2023-03-18,4.0
2023-03-19,4.0
2023-03-20,3.0
2023-03-21,2.0
2023-03-22,2.0
2023-03-23,2.0
2023-03-24,2.0
2023-03-25,2.0
2023-03-26,2.0
2023-03-27,2.0
2023-03-28,1.0
2023-03-29,1.0
2023-03-30,1.0
2023-03-31,1.0
2023-04-01,1.0
2023-04-02,1.0
2023-04-03,1.0
2023-04-04,1.0
2023-04-05,1.0
2023-04-06,1.0
2023-04-07,1.0
2023-04-08,1.0
2023-04-09,1.0
2023-04-10,1.0
2023-04-11,1.0
2023-04-12,1.0
2023-04-13,1.0
2023-04-14,1.0
2023-04-15,1.0
2023-04-16,1.0
2023-04-17,1.0
2023-04-18,1.0
2023-04-19,2.0
2023-04-20,1.0
2023-04-21,1.0
2023-04-22,1.0
2023-04-23,1.0
2023-04-24,1.0
2023-04-25,1.0
2023-04-26,0.9545454545454546
2023-04-27,1.0
2023-04-28,0.9545454545454546
2023-04-29,0.9545454545454546
2023-04-30,0.9545454545454546
2023-05-01,0.9545454545454546
2023-05-02,2.4545454545454546
2023-05-03,1.6818181818181819
2023-05-04,1.1363636363636362
2023-05-05,1.0454545454545454
2023-05-06,1.0909090909090908
2023-05-07,0.9545454545454546
2023-05-08,0.9545454545454546
2023-05-09,0.9545454545454546
2023-05-10,1.0
2023-05-11,0.3181818181818182
2023-05-12,1.2272727272727273
2023-05-13,1.1818181818181819
2023-05-14,1.0909090909090908
2023-05-15,1.0
2023-05-16,1.1363636363636362
2023-05-17,0.9545454545454546
2023-05-18,0.9090909090909092
2023-05-19,0.9090909090909092
2023-05-20,0.9545454545454546
2023-05-21,1.0909090909090908
2023-05-22,1.2272727272727273
2023-05-23,1.0454545454545454
2023-05-24,1.1363636363636362
2023-05-25,1.2727272727272727
2023-05-26,2.0
2023-05-27,2.4545454545454546
2023-05-28,2.090909090909091
2023-05-29,1.9090909090909092
2023-05-30,1.4545454545454546
2023-05-31,1.3636363636363638
2023-06-01,1.0
2023-06-02,1.1818181818181819
2023-06-03,1.4545454545454546
2023-06-04,1.4545454545454546
2023-06-05,0.7272727272727273
2023-06-06,0.9090909090909092
2023-06-07,0.7272727272727273
2023-06-08,0.8181818181818182
2023-06-09,0.8181818181818182
2023-06-10,1.0909090909090908
2023-06-11,1.3636363636363638
2023-06-12,1.0
2023-06-13,0.8181818181818182
2023-06-14,0.7272727272727273
2023-06-15,0.6363636363636364
2023-06-16,0.8181818181818182
2023-06-17,0.9090909090909092
2023-06-18,1.3636363636363638
2023-06-19,0.9090909090909092
2023-06-20,0.5454545454545454
2023-06-21,0.7272727272727273
2023-06-22,0.7272727272727273
2023-06-23,0.6363636363636364
2023-06-24,0.6363636363636364
2023-06-25,1.1818181818181819
2023-06-26,0.6363636363636364
2023-06-27,0.6363636363636364
2023-06-28,0.7272727272727273
2023-06-29,0.5454545454545454
2023-06-30,0.4545454545454546
2023-07-01,0.8181818181818182
2023-07-02,1.0909090909090908
2023-07-03,0.8181818181818182
2023-07-04,1.0909090909090908
2023-07-05,0.5454545454545454
2023-07-06,0.9090909090909092
2023-07-07,0.8181818181818182
2023-07-08,0.8181818181818182
2023-07-09,1.1818181818181819
2023-07-10,0.8181818181818182
2023-07-11,0.7272727272727273
2023-07-12,0.7272727272727273
2023-07-13,0.8181818181818182
2023-07-14,0.7272727272727273
2023-07-15,0.9090909090909092
2023-07-16,1.0909090909090908
2023-07-17,0.6363636363636364
2023-07-18,0.4545454545454546
2023-07-19,0.6363636363636364
2023-07-20,0.7272727272727273
2023-07-21,0.4545454545454546
2023-07-22,0.5454545454545454
2023-07-23,0.8181818181818182
2023-07-24,0.6363636363636364
2023-07-25,0.4545454545454546
2023-07-26,0.6363636363636364
2023-07-27,0.4545454545454546
2023-07-28,6.090909090909091
2023-07-29,9.090909090909092
2023-07-30,5.090909090909091
2023-07-31,4.7272727272727275
2023-08-01,1.8181818181818183
2023-08-02,1.0909090909090908
2023-08-03,0.9090909090909092
2023-08-04,1.5454545454545454
2023-08-05,2.5454545454545454
2023-08-06,4.0
2023-08-07,1.3636363636363638
2023-08-08,0.6363636363636364
2023-08-09,0.7272727272727273
2023-08-10,0.8181818181818182
2023-08-11,0.6363636363636364
2023-08-12,0.7272727272727273
2023-08-13,0.6363636363636364
2023-08-14,1.1818181818181819
2023-08-15,1.0
2023-08-16,0.4545454545454546
2023-08-17,0.6363636363636364
2023-08-18,0.4545454545454546
2023-08-19,0.7272727272727273
2023-08-20,0.9090909090909092
2023-08-21,0.36363636363636365
2023-08-22,0.8181818181818182
2023-08-23,0.5454545454545454
2023-08-24,0.5454545454545454
2023-08-25,0.36363636363636365
2023-08-26,0.6363636363636364
2023-08-27,0.6363636363636364
2023-08-28,0.4545454545454546
2023-08-29,0.6363636363636364
2023-08-30,0.4545454545454546
2023-08-31,0.36363636363636365
2023-09-01,0.4545454545454546
2023-09-02,0.6363636363636364
2023-09-03,0.7272727272727273
2023-09-04,1.0
2023-09-05,0.4545454545454546
2023-09-06,0.36363636363636365
2023-09-07,0.4545454545454546
2023-09-08,0.36363636363636365
2023-09-09,0.6363636363636364
2023-09-10,0.7272727272727273
2023-09-11,0.5454545454545454
2023-09-12,0.4545454545454546
2023-09-13,0.5454545454545454
2023-09-14,0.4545454545454546
2023-09-15,0.7272727272727273
2023-09-16,0.5454545454545454
2023-09-17,0.8181818181818182
2023-09-18,0.5454545454545454
2023-09-19,0.5454545454545454
2023-09-20,0.4545454545454546
2023-09-21,0.2727272727272727
2023-09-22,0.36363636363636365
2023-09-23,0.7272727272727273
2023-09-24,0.5454545454545454
2023-09-25,0.4545454545454546
2023-09-26,0.5454545454545454
2023-09-27,0.36363636363636365
2023-09-28,0.4545454545454546
2023-09-29,0.4545454545454546
2023-09-30,0.4545454545454546
2023-10-01,0.36363636363636365
2023-10-02,0.2727272727272727
2023-10-03,0.2727272727272727
2023-10-04,0.4545454545454546
2023-10-05,0.36363636363636365
2023-10-06,0.36363636363636365
2023-10-07,0.4545454545454546
2023-10-08,0.4545454545454546
2023-10-09,0.36363636363636365
2023-10-10,0.2727272727272727
2023-10-11,0.4545454545454546
2023-10-12,0.18181818181818182
2023-10-13,0.2727272727272727
2023-10-14,0.36363636363636365
2023-10-15,0.6363636363636364
2023-10-16,0.18181818181818182
2023-10-17,0.6363636363636364
2023-10-18,0.4545454545454546
2023-10-19,0.2727272727272727
2023-10-20,0.4545454545454546
2023-10-21,0.7272727272727273
2023-10-22,0.5454545454545454
2023-10-23,0.36363636363636365
2023-10-24,0.18181818181818182
2023-10-25,0.4545454545454546
2023-10-26,0.2727272727272727
2023-10-27,0.2727272727272727
2023-10-28,0.36363636363636365
2023-10-29,0.4545454545454546
2023-10-30,0.36363636363636365
2023-10-31,0.4545454545454546
2023-11-01,0.5454545454545454
2023-11-02,0.4545454545454546
2023-11-03,0.4545454545454546
2023-11-04,0.9090909090909092
2023-11-05,0.8181818181818182
2023-11-06,0.5454545454545454
2023-11-07,0.36363636363636365
2023-11-08,0.36363636363636365
2023-11-09,0.6363636363636364
2023-11-10,0.5454545454545454
2023-11-11,0.5454545454545454
2023-11-12,0.8181818181818182
2023-11-13,0.4545454545454546
2023-11-14,0.4545454545454546
2023-11-15,0.4545454545454546
2023-11-16,0.2727272727272727
2023-11-17,0.4545454545454546
2023-11-18,0.7272727272727273
2023-11-19,0.6363636363636364
2023-11-20,0.6363636363636364
2023-11-21,0.36363636363636365
2023-11-22,0.5454545454545454
2023-11-23,0.5454545454545454
2023-11-24,0.9090909090909092
2023-11-25,0.6363636363636364
2023-11-26,1.0909090909090908
2023-11-27,0.6363636363636364
2023-11-28,0.4545454545454546
2023-11-29,0.36363636363636365
2023-11-30,0.5454545454545454
2023-12-01,0.36363636363636365
2023-12-02,0.6363636363636364
2023-12-03,0.8181818181818182
2023-12-04,0.6363636363636364
2023-12-05,0.4545454545454546
2023-12-06,0.6363636363636364
2023-12-07,0.5454545454545454
2023-12-08,0.5454545454545454
2023-12-09,1.1818181818181819
2023-12-10,0.7272727272727273
2023-12-11,0.5454545454545454
2023-12-12,0.4545454545454546
2023-12-13,1.1818181818181819
2023-12-14,0.8181818181818182
2023-12-15,0.4545454545454546
2023-12-16,0.7272727272727273
2023-12-17,0.8181818181818182
2023-12-18,0.4545454545454546
2023-12-19,0.5454545454545454
2023-12-20,0.7272727272727273
2023-12-21,0.6363636363636364
2023-12-22,0.5275367101138426
2023-12-23,0.5738656987295826
2023-12-24,0.7342682725622836
2023-12-25,1.0096188747731398
2023-12-26,0.8260518066325689
2023-12-27,0.9864543804652698
2023-12-28,0.7111037782544135
2023-12-29,0.7342682725622836
2023-12-30,0.8946708463949844
2023-12-31,1.0782379145355552
2024-01-01,1.1931859429137108
2024-01-02,4.267497112687675
2024-01-03,2.248259363141396
2024-01-04,1.7207226530275532
2024-01-05,2.730341527800693
2024-01-06,4.083930044547104
2024-01-07,4.611466754660947
2024-01-08,4.634631248968818
2024-01-09,3.0056921300115493
2024-01-10,2.3632073915195515
2024-01-11,2.248259363141396
2024-01-12,2.3632073915195515
2024-01-13,2.913908595941264
2024-01-14,3.0056921300115493
2024-01-15,2.569938953967992
2024-01-16,2.1564758290711104
2024-01-17,2.20280481768685
2024-01-18,1.9960732552384095
2024-01-19,1.8356706814057087
2024-01-20,2.454990925589837
2024-01-21,2.223791453555519
2024-01-22,1.5751856129351594
2024-01-23,1.1582247153934995
2024-01-24,3.057713248638839
2024-01-25,2.8260683055601388
2024-01-26,2.270120442171259
2024-01-27,2.223791453555519
2024-01-28,1.8531595446295992
2024-01-29,1.0192377495462797
2024-01-30,1.1118957267777596
2024-01-31,1.0192377495462797
2024-02-01,1.2045537040092396
2024-02-02,0.8339217950833197
2024-02-03,1.1582247153934995
2024-02-04,1.2972116812407195
2024-02-05,0.8339217950833197
2024-02-06,0.5559478633888798
2024-02-07,0.9265797723147996
2024-02-08,0.6949348292360997
2024-02-09,0.8339217950833197
2024-02-10,1.0655667381620195
2024-02-11,1.6215146015508994
2024-02-12,0.9729087609305396
2024-02-13,0.8339217950833197
2024-02-14,0.7875928064675797
2024-02-15,0.9265797723147996
2024-02-16,0.8339217950833197
2024-02-17,0.9265797723147996
2024-02-18,1.2508826926249794
2024-02-19,0.8802507836990596
2024-02-20,0.5096188747731398
2024-02-21,0.6022768520046198
2024-02-22,0.5096188747731398
2024-02-23,0.5096188747731398
2024-02-24,1.2972116812407195
2024-02-25,2.0384754990925593
2024-02-26,1.1582247153934995
2024-02-27,0.7412638178518397
2024-02-28,0.6949348292360997
2024-02-29,0.8802507836990596
2024-03-01,0.8802507836990596
2024-03-02,1.0192377495462797
2024-03-03,0.8339217950833197
2024-03-04,0.6949348292360997
2024-03-05,0.5096188747731398
2024-03-06,0.5559478633888798
2024-03-07,0.6486058406203598
2024-03-08,0.6486058406203598
2024-03-09,0.7412638178518397
2024-03-10,2.640752351097179
2024-03-11,3.7063190892591984
2024-03-12,2.779739316944399
2024-03-13,2.270120442171259
2024-03-14,1.3435406698564594
2024-03-15,0.9265797723147996
2024-03-16,1.0655667381620195
2024-03-17,1.1582247153934995
2024-03-18,0.6486058406203598
2024-03-19,0.5096188747731398
2024-03-20,0.5096188747731398
2024-03-21,0.6949348292360997
2024-03-22,0.5559478633888798
2024-03-23,0.6486058406203598
2024-03-24,1.1582247153934995
2024-03-25,0.5559478633888798
2024-03-26,0.5096188747731398
2024-03-27,0.6022768520046198
2024-03-28,0.8339217950833197
2024-03-29,0.6486058406203598
2024-03-30,0.8339217950833197
2024-03-31,0.9265797723147996
2024-04-01,0.7412638178518397
2024-04-02,0.6022768520046198
2024-04-03,0.5096188747731398
2024-04-04,0.4169608975416598
2024-04-05,0.4632898861573998
2024-04-06,0.6022768520046198
2024-04-07,0.6949348292360997
2024-04-08,0.37063190892591985
2024-04-09,0.37063190892591985
2024-04-10,0.37063190892591985
2024-04-11,0.5096188747731398
2024-04-12,0.5096188747731398
2024-04-13,0.5096188747731398
2024-04-14,1.0192377495462797
2024-04-15,0.4632898861573998
2024-04-16,0.4169608975416598
2024-04-17,0.4632898861573998
2024-04-18,0.2779739316944399
2024-04-19,0.4169608975416598
2024-04-20,0.6022768520046198
2024-04-21,0.4632898861573998
2024-04-22,0.4632898861573998
2024-04-23,0.37063190892591985
2024-04-24,0.4169608975416598
2024-04-25,0.4169608975416598
2024-04-26,0.4169608975416598
2024-04-27,0.5559478633888798
2024-04-28,0.6949348292360997
2024-04-29,0.4169608975416598
2024-04-30,0.4169608975416598
2024-05-01,0.4632898861573998
2024-05-02,0.3243029203101799
2024-05-03,1.7605015673981192
2024-05-04,2.455436396634219
2024-05-05,1.4361986470879393
2024-05-06,0.8802507836990596
2024-05-07,1.8994885332453393
2024-05-08,1.2972116812407195
2024-05-09,1.1118957267777596
2024-05-10,0.9729087609305396
2024-05-11,0.6022768520046198
2024-05-12,0.7412638178518397
2024-05-13,0.7875928064675797
2024-05-14,0.4169608975416598
2024-05-15,0.4632898861573998
2024-05-16,0.7412638178518397
2024-05-17,0.5096188747731398
2024-05-18,0.8339217950833197
2024-05-19,0.6949348292360997
2024-05-20,0.7412638178518397
2024-05-21,0.6486058406203598
2024-05-22,0.6486058406203598
2024-05-23,0.2779739316944399
2024-05-24,0.6949348292360997
2024-05-25,0.6949348292360997
2024-05-26,0.4169608975416598
2024-05-27,0.6022768520046198
2024-05-28,0.5096188747731398
2024-05-29,0.37063190892591985
2024-05-30,0.6022768520046198
2024-05-31,0.6486058406203598
2024-06-01,0.7875928064675797
2024-06-02,0.6949348292360997
2024-06-03,0.6022768520046198
2024-06-04,0.37063190892591985
2024-06-05,0.7412638178518397
2024-06-06,0.6022768520046198
2024-06-07,0.4632898861573998
2024-06-08,0.7412638178518397
2024-06-09,0.6949348292360997
2024-06-10,0.6949348292360997
2024-06-11,0.4632898861573998
2024-06-12,0.5559478633888798
2024-06-13,0.6022768520046198
2024-06-14,0.5096188747731398
2024-06-15,0.6949348292360997
2024-06-16,0.5096188747731398
2024-06-17,0.4632898861573998
2024-06-18,0.3243029203101799
2024-06-19,0.4632898861573998
2024-06-20,0.37063190892591985
2024-06-21,0.37063190892591985
2024-06-22,0.4169608975416598
2024-06-23,0.6486058406203598
2024-06-24,0.37063190892591985
2024-06-25,0.4169608975416598
2024-06-26,0.3243029203101799
2024-06-27,0.5559478633888798
2024-06-28,0.5096188747731398
2024-06-29,0.6022768520046198
2024-06-30,0.6486058406203598
2024-07-01,0.37063190892591985
2024-07-02,0.37063190892591985
2024-07-03,0.6022768520046198
2024-07-04,0.5096188747731398
2024-07-05,0.4169608975416598
2024-07-06,0.6022768520046198
2024-07-07,0.6486058406203598
2024-07-08,0.37063190892591985
2024-07-09,0.2779739316944399
2024-07-10,0.4632898861573998
2024-07-11,0.4169608975416598
2024-07-12,0.37063190892591985
2024-07-13,0.37063190892591985
2024-07-14,0.4169608975416598
2024-07-15,0.4169608975416598
2024-07-16,0.2316449430786999
2024-07-17,0.5559478633888798
2024-07-18,0.2779739316944399
2024-07-19,0.5096188747731398
2024-07-20,0.4632898861573998
2024-07-21,0.6949348292360997
2024-07-22,0.5096188747731398
2024-07-23,0.37063190892591985
2024-07-24,0.2316449430786999
2024-07-25,0.5096188747731398
2024-07-26,1.2972116812407195
2024-07-27,0.7412638178518397
2024-07-28,0.8339217950833197
2024-07-29,0.9265797723147996
2024-07-30,0.5096188747731398
2024-07-31,0.4169608975416598
2024-08-01,0.37063190892591985
2024-08-02,0.2316449430786999
2024-08-03,0.4169608975416598
2024-08-04,0.5559478633888798
2024-08-05,0.4632898861573998
2024-08-06,0.5559478633888798
2024-08-07,0.5559478633888798
2024-08-08,0.18531595446295993
2024-08-09,0.4169608975416598
2024-08-10,0.7412638178518397
2024-08-11,0.5096188747731398
2024-08-12,0.5096188747731398
2024-08-13,0.6022768520046198
2024-08-14,0.9265797723147996
2024-08-15,0.5096188747731398
2024-08-16,0.6486058406203598
2024-08-17,0.5559478633888798
2024-08-18,0.6949348292360997
2024-08-19,0.5559478633888798
2024-08-20,0.4632898861573998
2024-08-21,0.34746741461804986
2024-08-22,0.4401253918495298
2024-08-23,0.37063190892591985
2024-08-24,0.4169608975416598
2024-08-25,0.4169608975416598
2024-08-26,0.3243029203101799
2024-08-27,0.37063190892591985
2024-08-28,0.4632898861573998
2024-08-29,0.2779739316944399
2024-08-30,0.2316449430786999
2024-08-31,0.39379640323378984
2024-09-01,0.4169608975416598
2024-09-02,0.4632898861573998
2024-09-03,0.2779739316944399
2024-09-04,0.18531595446295993
2024-09-05,0.3243029203101799
2024-09-06,0.2779739316944399
2024-09-07,0.4632898861573998
2024-09-08,0.37063190892591985
2024-09-09,0.3243029203101799
2024-09-10,0.18531595446295993
2024-09-11,0.18531595446295993
2024-09-12,0.2779739316944399
2024-09-13,0.3011384260023099
2024-09-14,0.2779739316944399
2024-09-15,0.37063190892591985
2024-09-16,0.37063190892591985
2024-09-17,0.2779739316944399
2024-09-18,0.3243029203101799
2024-09-19,0.5096188747731398
2024-09-20,0.3243029203101799
2024-09-21,0.4632898861573998
2024-09-22,0.3243029203101799
2024-09-23,0.3243029203101799
2024-09-24,0.3243029203101799
2024-09-25,0.18531595446295993
2024-09-26,0.3243029203101799
2024-09-27,0.6022768520046198
2024-09-28,0.3243029203101799
2024-09-29,0.0
2024-09-30,0.2779739316944399
2024-10-01,0.2316449430786999
2024-10-02,0.2316449430786999
2024-10-03,0.2779739316944399
2024-10-04,0.3243029203101799
2024-10-05,0.0
2024-10-06,0.2779739316944399
2024-10-07,0.3243029203101799
2024-10-08,0.18531595446295993
2024-10-09,0.2779739316944399
2024-10-10,0.5096188747731398
2024-10-11,0.18531595446295993
2024-10-12,0.4169608975416598
2024-10-13,0.3243029203101799
2024-10-14,0.0
2024-10-15,0.0
2024-10-16,0.0
2024-10-17,0.5096188747731398
2024-10-18,0.2779739316944399
2024-10-19,0.4632898861573998
2024-10-20,0.2316449430786999
2024-10-21,0.2779739316944399
2024-10-22,0.3243029203101799
2024-10-23,0.2316449430786999
2024-10-24,0.2779739316944399
2024-10-25,0.2316449430786999
2024-10-26,0.37063190892591985
2024-10-27,0.4632898861573998
2024-10-28,0.2779739316944399
2024-10-29,0.0
2024-10-30,0.3243029203101799
2024-10-31,0.2779739316944399
2024-11-01,0.37063190892591985
2024-11-02,0.4632898861573998
2024-11-03,0.4632898861573998
2024-11-04,0.37063190892591985
2024-11-05,0.2779739316944399
2024-11-06,0.18531595446295993
2024-11-07,0.2779739316944399
2024-11-08,0.2779739316944399
2024-11-09,0.3243029203101799
2024-11-10,1.4825276357036794
2024-11-11,0.6486058406203598
2024-11-12,0.7412638178518397
2024-11-13,0.6022768520046198
2024-11-14,0.4169608975416598
2024-11-15,0.5096188747731398
2024-11-16,0.2316449430786999
2024-11-17,0.6022768520046198
2024-11-18,1.2508826926249794
2024-11-19,1.8531595446295992
2024-11-20,1.6678435901666393
2024-11-21,1.0192377495462797
2024-11-22,1.4361986470879393
2024-11-23,2.501765385249959
2024-11-24,2.223791453555519
2024-11-25,1.7605015673981192
2024-11-26,2.0384754990925593
2024-11-27,2.223791453555519
2024-11-28,2.640752351097179
2024-11-29,2.455436396634219
2024-11-30,4.169608975416598
2024-12-01,4.401253918495298
2024-12-02,2.548094373865699
2024-12-03,1.8068305560138593
2024-12-04,1.4825276357036794
2024-12-05,1.1118957267777596
2024-12-06,1.3435406698564594
2024-12-07,1.6215146015508994
2024-12-08,1.8531595446295992
2024-12-09,1.0192377495462797
2024-12-10,0.7875928064675797
2024-12-11,0.9265797723147996
2024-12-12,0.8339217950833197
2024-12-13,1.0655667381620195
2024-12-14,1.2972116812407195
2024-12-15,0.9729087609305396
2024-12-16,0.8802507836990596
2024-12-17,1.0192377495462797
2024-12-18,1.0192377495462797
2024-12-19,0.8339217950833197
2024-12-20,0.8339217950833197
2024-12-21,1.0192377495462797
2024-12-22,1.2045537040092396
2024-12-23,1.1118957267777596
2024-12-24,1.2508826926249794
2024-12-25,1.1582247153934995
2024-12-26,0.9265797723147996
2024-12-27,1.2508826926249794
2024-12-28,1.1118957267777596
2024-12-29,1.2508826926249794
2024-12-30,1.6678435901666393
2024-12-31,1.4825276357036794
2025-01-01,2.640752351097179
2025-01-02,1.8994885332453393
2025-01-03,1.6215146015508994
2025-01-04,2.316449430786999
2025-01-05,2.455436396634219
2025-01-06,3.8916350437221583
2025-01-07,1.5751856129351594
2025-01-08,1.1118957267777596
2025-01-09,1.2508826926249794
2025-01-10,0.9729087609305396
2025-01-11,1.4361986470879393
2025-01-12,1.8068305560138593
2025-01-13,0.8802507836990596
2025-01-14,1.2508826926249794
2025-01-15,1.0655667381620195
2025-01-16,0.8802507836990596
2025-01-17,0.7875928064675797
2025-01-18,1.8531595446295992
2025-01-19,1.9921465104768192
2025-01-20,1.7141725787823794
2025-01-21,1.1582247153934995
2025-01-22,3.4283451575647588
2025-01-23,4.169608975416598
2025-01-24,4.308595941263818
2025-01-25,4.632898861573998
2025-01-26,3.3820161689490185
2025-01-27,1.8068305560138593
2025-01-28,1.6678435901666393
2025-01-29,1.6678435901666393
2025-01-30,1.2972116812407195
2025-01-31,0.7875928064675797
2025-02-01,1.1118957267777596
2025-02-02,1.6678435901666393
2025-02-03,0.9729087609305396
2025-02-04,0.8339217950833197
2025-02-05,0.7875928064675797
2025-02-06,0.5096188747731398
2025-02-07,0.6949348292360997
2025-02-08,1.1582247153934995
2025-02-09,1.0655667381620195
2025-02-10,0.5559478633888798
2025-02-11,0.4632898861573998
2025-02-12,0.5559478633888798
2025-02-13,0.2316449430786999
2025-02-14,0.3243029203101799
2025-02-15,0.8339217950833197
2025-02-16,0.8802507836990596
2025-02-17,0.5559478633888798
2025-02-18,0.37063190892591985
2025-02-19,0.6022768520046198
2025-02-20,0.37063190892591985
2025-02-21,0.37063190892591985
2025-02-22,0.5559478633888798
2025-02-23,0.8339217950833197
2025-02-24,0.9265797723147996
2025-02-25,0.6949348292360997
2025-02-26,0.7412638178518397
2025-02-27,0.37063190892591985
2025-02-28,0.4169608975416598
2025-03-01,0.6486058406203598
2025-03-02,1.4825276357036794
2025-03-03,1.4825276357036794
2025-03-04,0.9729087609305396
2025-03-05,0.6949348292360997
2025-03-06,0.6486058406203598
2025-03-07,0.6022768520046198
2025-03-08,0.6949348292360997
2025-03-09,1.2045537040092396
2025-03-10,0.7412638178518397
2025-03-11,0.5559478633888798
2025-03-12,0.4632898861573998
2025-03-13,0.5559478633888798
2025-03-14,0.6486058406203598
2025-03-15,0.7875928064675797
2025-03-16,0.5559478633888798
2025-03-17,0.4632898861573998
2025-03-18,0.5096188747731398
2025-03-19,0.5096188747731398
2025-03-20,0.3243029203101799
2025-03-21,0.5559478633888798
2025-03-22,0.9729087609305396
2025-03-23,1.0192377495462797
2025-03-24,0.4632898861573998
2025-03-25,0.5559478633888798
2025-03-26,0.5096188747731398
2025-03-27,0.4632898861573998
2025-03-28,0.6949348292360997
2025-03-29,0.3243029203101799
2025-03-30,0.8339217950833197
2025-03-31,0.4632898861573998
2025-04-01,0.2779739316944399
2025-04-02,0.37063190892591985
2025-04-03,0.18531595446295993
2025-04-04,0.4632898861573998
2025-04-05,0.5096188747731398
2025-04-06,0.5559478633888798
2025-04-07,0.4632898861573998
2025-04-08,0.37063190892591985
2025-04-09,0.3243029203101799
2025-04-10,0.2316449430786999
2025-04-11,0.2779739316944399
2025-04-12,0.6949348292360997
2025-04-13,0.6949348292360997
2025-04-14,0.2779739316944399
2025-04-15,0.32687675301105434
2025-04-16,0.2187757795743277
2025-04-17,0.23936644118132322
2025-04-18,0.2831215970961888
2025-04-19,0.37063190892591985
2025-04-20,0.41438706484078536
2025-04-21,0.41438706484078536
2025-04-22,0.2831215970961888
2025-04-23,0.2831215970961888
2025-04-24,0.32687675301105434
2025-04-25,0.30628609140405877
2025-04-26,0.4581422207556509
2025-04-27,0.41438706484078536
2025-04-28,0.32687675301105434
2025-04-29,0.32687675301105434
2025-04-30,0.2831215970961888
2025-05-01,0.2831215970961888
2025-05-02,0.23936644118132322
2025-05-03,0.5894076885002475
2025-05-04,0.6331628444151132
2025-05-05,0.2187757795743277
2025-05-06,0.37063190892591985
2025-05-07,0.32687675301105434
2025-05-08,0.26253093548919326
2025-05-09,0.39379640323378984
2025-05-10,0.5018973766705165
2025-05-11,0.5018973766705165
2025-05-12,0.41438706484078536
2025-05-13,0.2831215970961888
2025-05-14,0.41438706484078536
2025-05-15,0.32945058571192876
2025-05-16,0.24708793928394657
2025-05-17,0.49417587856789313
2025-05-18,0.41181323213991095
2025-05-19,0.32945058571192876
2025-05-20,0.24708793928394657
2025-05-21,0.32945058571192876
2025-05-22,0.32945058571192876
2025-05-23,0.28826926249793766
2025-05-24,0.32945058571192876
2025-05-25,0.32945058571192876
2025-05-26,0.41181323213991095
2025-05-27,0.24708793928394657
2025-05-28,0.24708793928394657
2025-05-29,0.37063190892591985
2025-05-30,0.32945058571192876
2025-05-31,0.32945058571192876
2025-06-01,0.37063190892591985
2025-06-02,0.32945058571192876
2025-06-03,0.24708793928394657
2025-06-04,0.32945058571192876
2025-06-05,0.49417587856789313
2025-06-06,0.41181323213991095
2025-06-07,0.49417587856789313
2025-06-08,0.45299455535390204
2025-06-09,0.28826926249793766
2025-06-10,0.37063190892591985
2025-06-11,0.20590661606995547
2025-06-12,0.20590661606995547
2025-06-13,0.0
2025-06-14,0.32945058571192876
2025-06-15,0.41181323213991095
2025-06-16,0.24708793928394657
2025-06-17,0.20590661606995547
2025-06-18,0.20590661606995547
2025-06-19,0.20590661606995547
2025-06-20,0.32945058571192876
2025-06-21,0.28826926249793766
2025-06-22,0.0
2025-06-23,0.24708793928394657
2025-06-24,0.24708793928394657
2025-06-25,0.20590661606995547
2025-06-26,0.20590661606995547
2025-06-27,0.20590661606995547
2025-06-28,0.28826926249793766
2025-06-29,0.28826926249793766
2025-06-30,0.24708793928394657
2025-07-01,0.20590661606995547
2025-07-02,0.0
2025-07-03,0.20590661606995547
2025-07-04,0.49417587856789313
2025-07-05,0.24708793928394657
2025-07-06,0.28826926249793766
2025-07-07,0.20590661606995547
2025-07-08,0.41181323213991095
2025-07-09,0.24708793928394657
2025-07-10,0.32945058571192876
2025-07-11,0.20590661606995547
2025-07-12,0.37063190892591985
2025-07-13,0.45299455535390204
2025-07-14,0.32945058571192876
2025-07-15,0.5353572017818842
2025-07-16,0.32945058571192876
2025-07-17,0.5353572017818842
2025-07-18,0.37063190892591985
2025-07-19,0.45299455535390204
2025-07-20,0.5353572017818842
2025-07-21,0.37063190892591985
2025-07-22,0.20590661606995547
2025-07-23,0.28826926249793766
2025-07-24,0.24708793928394657
2025-07-25,0.0
2025-07-26,0.28826926249793766
2025-07-27,0.7412638178518397
2025-07-28,0.0
2025-07-29,0.7824451410658309
2025-07-30,0.5765385249958753
2025-07-31,0.41181323213991095
2025-08-01,0.32945058571192876
2025-08-02,0.37063190892591985
2025-08-03,0.45299455535390204
2025-08-04,0.32945058571192876
2025-08-05,0.20590661606995547
2025-08-06,0.6589011714238575
2025-08-07,0.49417587856789313
2025-08-08,0.45299455535390204
2025-08-09,0.45299455535390204
2025-08-10,0.41181323213991095
2025-08-11,0.28826926249793766
2025-08-12,0.16472529285596438
2025-08-13,0.0
2025-08-14,0.0
2025-08-15,0.20590661606995547
2025-08-16,0.5765385249958753
2025-08-17,0.37063190892591985
2025-08-18,0.5353572017818842
2025-08-19,0.32945058571192876
2025-08-20,0.20590661606995547
2025-08-21,0.32945058571192876
2025-08-22,0.37063190892591985
2025-08-23,0.45299455535390204
2025-08-24,0.6177198482098665
2025-08-25,0.28826926249793766
2025-08-26,0.37063190892591985
2025-08-27,0.24708793928394657
2025-08-28,0.0
2025-08-29,0.0
2025-08-30,0.28826926249793766
2025-08-31,0.32945058571192876
2025-09-01,0.37063190892591985
2025-09-02,0.32945058571192876
2025-09-03,0.20590661606995547
2025-09-04,0.24708793928394657
2025-09-05,0.28826926249793766
2025-09-06,0.32945058571192876
2025-09-07,0.28826926249793766
2025-09-08,0.0
2025-09-09,0.0
2025-09-10,0.20590661606995547
2025-09-11,0.16472529285596438
2025-09-12,0.0
2025-09-13,0.32945058571192876
2025-09-14,0.6177198482098665
2025-09-15,0.24708793928394657
2025-09-16,0.20590661606995547
2025-09-17,0.0
2025-09-18,0.0
2025-09-19,0.24708793928394657
2025-09-20,0.28826926249793766
2025-09-21,0.41181323213991095
2025-09-22,0.24708793928394657
2025-09-23,0.0
2025-09-24,0.20590661606995547
2025-09-25,0.24708793928394657
2025-09-26,0.37063190892591985
2025-09-27,0.0
2025-09-28,0.32945058571192876
2025-09-29,0.20590661606995547
2025-09-30,0.16472529285596438
2025-10-01,0.32945058571192876
2025-10-02,0.0
2025-10-03,0.0
2025-10-04,0.24708793928394657
2025-10-05,0.32945058571192876
2025-10-06,0.24708793928394657
2025-10-07,0.0
2025-10-08,0.20590661606995547
2025-10-09,0.37063190892591985
2025-10-10,0.20590661606995547
2025-10-11,0.32945058571192876
2025-10-12,0.28826926249793766
2025-10-13,0.0
2025-10-14,0.0
2025-10-15,0.32945058571192876
2025-10-16,0.32945058571192876
2025-10-17,0.20590661606995547
2025-10-18,0.28826926249793766
2025-10-19,0.41181323213991095
2025-10-20,0.20590661606995547
2025-10-21,0.20590661606995547
2025-10-22,0.8648077874938129
2025-10-23,0.41181323213991095
2025-10-24,0.0
2025-10-25,0.49417587856789313
2025-10-26,0.41181323213991095
2025-10-27,0.32945058571192876
2025-10-28,0.28826926249793766
2025-10-29,0.24708793928394657
2025-10-30,0.0
2025-10-31,0.24708793928394657
2025-11-01,0.37063190892591985
2025-11-02,0.5353572017818842
2025-11-03,0.37063190892591985
2025-11-04,0.32945058571192876
2025-11-05,0.24708793928394657
2025-11-06,0.37063190892591985
2025-11-07,1.1118957267777596
2025-11-08,1.5648902821316617
2025-11-09,1.235439696419733
2025-11-10,1.1118957267777596
2025-11-11,1.0707144035637683
2025-11-12,0.7824451410658309
2025-11-13,1.0295330803497773
2025-11-14,1.6060716053456527
2025-11-15,1.276621019633724
2025-11-16,1.317802342847715
2025-11-17,1.6884342517736348
2025-11-18,2.1002474839135457
2025-11-19,3.00623659462135
2025-11-20,3.4592311499752517
2025-11-21,3.2945058571192876
2025-11-22,4.076950998185119
2025-11-23,4.076950998185119
2025-11-24,3.5415937964032342
2025-11-25,3.2945058571192876
2025-11-26,4.118132321399109
2025-11-27,3.7475004124731894
2025-11-28,4.035769674971127
2025-11-29,3.2121432106913055
2025-11-30,3.2945058571192876
2025-12-01,2.1002474839135457
2025-12-02,1.5648902821316617
2025-12-03,1.358983666061706
2025-12-04,1.4413463124896884
2025-12-05,1.1942583732057417
2025-12-06,1.4413463124896884
2025-12-07,1.358983666061706
2025-12-08,1.1118957267777596
2025-12-09,0.8648077874938129
2025-12-10,0.5353572017818842
2025-12-11,0.8353925566266766
2025-12-12,0.6088952789497255
2025-12-13,1.0265915572630637
2025-12-14,0.8559832182336721
2025-12-15,0.6088952789497255
2025-12-16,0.6647842175972849
2025-12-17,0.49417587856789313
2025-12-18,0.7030240177245622
2025-12-19,0.6853748792042804
2025-12-20,1.1030711575176186
2025-12-21,1.1030711575176186
2025-12-22,0.8177434181063946
2025-12-23,0.9118721568812314
2025-12-24,0.8942230183609495
2025-12-25,1.0471822188700592
2025-12-26,0.8177434181063946
2025-12-27,0.7030240177245622
2025-12-28,0.7030240177245622
2025-12-29,0.58830461734273
2025-12-30,0.7030240177245622
2025-12-31,0.9501119570085088
2026-01-01,1.235439696419733
2026-01-02,0.49417587856789313
2026-01-03,0.7236146793315579
2026-01-04,0.7618544794588353
2026-01-05,0.49417587856789313
2026-01-06,0.4559360784406157
2026-01-07,0.49417587856789313
2026-01-08,0.4559360784406157
2026-01-09,0.49417587856789313
2026-01-10,0.8471586489735312
2026-01-11,0.7412638178518398
2026-01-12,0.9883517571357864
2026-01-13,0.529474155608457
2026-01-14,0.35298277040563797
2026-01-15,0.6000707096895845
2026-01-16,0.3882810474462018
2026-01-17,0.4941758785678932
2026-01-18,0.3176844933650742
2026-01-19,0.3176844933650742
2026-01-20,0.4235793244867656
2026-01-21,0.45887760152732937
2026-01-22,0.3176844933650742
2026-01-23,0.35298277040563797
2026-01-24,0.6353689867301484
2026-01-25,0.6000707096895845
2026-01-26,0.7059655408112759
2026-01-27,0.4941758785678932
2026-01-28,0.4235793244867656
2026-01-29,0.4235793244867656
2026-01-30,0.35298277040563797
2026-01-31,0.45887760152732937
2026-02-01,0.45887760152732937
2026-02-02,0.45887760152732937
2026-02-03,0.2823862163245104
2026-02-04,0.3176844933650742
2026-02-05,0.4235793244867656
2026-02-06,3.52982770405638
2026-02-07,1.1295448652980415
2026-02-08,1.200141419379169
2026-02-09,0.4235793244867656
2026-02-10,0.45887760152732937
2026-02-11,0.529474155608457
2026-02-12,0.4235793244867656
2026-02-13,1.0236500341763501
2026-02-14,1.5531241897848072
2026-02-15,0.7765620948924036
2026-02-16,0.7412638178518398
2026-02-17,0.6706672637707122
2026-02-18,0.7765620948924036
2026-02-19,1.8355104061093175
2026-02-20,1.1295448652980415
2026-02-21,1.235439696419733
2026-02-22,0.9530534800952225
2026-02-23,0.45887760152732937
2026-02-24,0.3882810474462018
2026-02-25,0.6000707096895845
2026-02-26,0.4941758785678932
2026-02-27,0.4941758785678932
2026-02-28,0.4941758785678932
2026-03-01,0.2470879392839466
2026-03-02,0.3882810474462018
2026-03-03,0.2117896622433828
2026-03-04,0.3176844933650742
2026-03-05,0.4941758785678932
2026-03-06,0.2470879392839466
2026-03-07,0.35298277040563797
2026-03-08,0.4941758785678932
2026-03-09,0.7412638178518398
2026-03-10,0.4941758785678932
2026-03-11,0.4235793244867656
2026-03-12,0.35298277040563797
2026-03-13,0.4235793244867656
2026-03-14,0.45887760152732937
2026-03-15,0.5647724326490208
2026-03-16,0.45887760152732937
2026-03-17,0.2470879392839466
2026-03-18,0.4235793244867656
2026-03-19,0.2823862163245104
2026-03-20,0.3882810474462018
2026-03-21,0.5647724326490208
2026-03-22,0.5647724326490208
2026-03-23,0.3176844933650742
2026-03-24,0.3176844933650742
2026-03-25,0.3176844933650742
2026-03-26,0.35298277040563797
2026-03-27,0.35298277040563797
2026-03-28,0.4235793244867656
2026-03-29,0.529474155608457
2026-03-30,0.2470879392839466
2026-03-31,0.2823862163245104
2026-04-01,0.2823862163245104
2026-04-02,0.2823862163245104
2026-04-03,0.45887760152732937
2026-04-04,0.45887760152732937
2026-04-05,0.5647724326490208
2026-04-06,0.45887760152732937
2026-04-07,0.3882810474462018
2026-04-08,0.3882810474462018
2026-04-09,0.2823862163245104
2026-04-10,0.45887760152732937
2026-04-11,0.4235793244867656
2026-04-12,0.45887760152732937
2026-04-13,0.3176844933650742
2026-04-14,0.2117896622433828
2026-04-15,0.3176844933650742
2026-04-16,0.3176844933650742
2026-04-17,0.3882810474462018
2026-04-18,0.6706672637707122
2026-04-19,0.3882810474462018
2026-04-20,1.2707379734602968
2026-04-21,1.1295448652980415
2026-04-22,0.4941758785678932
2026-04-23,0.3882810474462018
2026-04-24,0.0
2026-04-25,0.3176844933650742
2026-04-26,0.7765620948924036
2026-04-27,0.4941758785678932
2026-04-28,0.35298277040563797
2026-04-29,0.3882810474462018
2026-04-30,0.2823862163245104
2026-05-01,0.2470879392839466
2026-05-02,0.45887760152732937
2026-05-03,0.6353689867301484
2026-05-04,0.2823862163245104
2026-05-05,0.4235793244867656
2026-05-06,0.3176844933650742
2026-05-07,0.2823862163245104
2026-05-08,0.3176844933650742
2026-05-09,0.2470879392839466
2026-05-10,0.529474155608457
2026-05-11,0.3882810474462018
2026-05-12,0.2470879392839466
2026-05-13,0.2117896622433828
2026-05-14,0.3176844933650742
2026-05-15,0.2823862163245104
2026-05-16,0.0
2026-05-17,0.35298277040563797
2026-05-18,0.2470879392839466
2026-05-19,0.2823862163245104
2026-05-20,0.2117896622433828
2026-05-21,0.2823862163245104
2026-05-22,0.3882810474462018
2026-05-23,0.2823862163245104
2026-05-24,0.4235793244867656
2026-05-25,0.3176844933650742
2026-05-26,0.2823862163245104
2026-05-27,0.2470879392839466
2026-05-28,0.3176844933650742
2026-05-29,0.3176844933650742
2026-05-30,0.35298277040563797
2026-05-31,0.4235793244867656
