Time,fedex_tracking
2022-01-01,26.0
2022-01-02,34.0
2022-01-03,71.0
2022-01-04,99.0
2022-01-05,100.0
2022-01-06,77.0
2022-01-07,90.0
2022-01-08,49.0
2022-01-09,36.0
2022-01-10,78.0
2022-01-11,90.0
2022-01-12,87.0
2022-01-13,92.0
2022-01-14,63.0
2022-01-15,43.0
2022-01-16,29.0
2022-01-17,54.0
2022-01-18,67.0
2022-01-19,73.0
2022-01-20,71.0
2022-01-21,68.0
2022-01-22,42.0
2022-01-23,26.0
2022-01-24,75.0
2022-01-25,65.0
2022-01-26,69.0
2022-01-27,73.0
2022-01-28,73.0
2022-01-29,41.0
2022-01-30,28.0
2022-01-31,68.0
2022-02-01,77.0
2022-02-02,71.0
2022-02-03,76.0
2022-02-04,82.0
2022-02-05,49.0
2022-02-06,36.0
2022-02-07,86.0
2022-02-08,91.0
2022-02-09,83.0
2022-02-10,71.0
2022-02-11,77.0
2022-02-12,42.0
2022-02-13,25.0
2022-02-14,63.0
2022-02-15,70.0
2022-02-16,62.0
2022-02-17,64.0
2022-02-18,59.0
2022-02-19,36.0
2022-02-20,25.0
2022-02-21,51.0
2022-02-22,68.0
2022-02-23,68.0
2022-02-24,68.0
2022-02-25,71.0
2022-02-26,42.0
2022-02-27,33.0
2022-02-28,71.0
2022-03-01,80.0
2022-03-02,75.0
2022-03-03,71.0
2022-03-04,65.0
2022-03-05,35.0
2022-03-06,27.0
2022-03-07,66.0
2022-03-08,73.0
2022-03-09,71.0
2022-03-10,71.0
2022-03-11,64.0
2022-03-12,34.0
2022-03-13,27.0
2022-03-14,65.0
2022-03-15,72.0
2022-03-16,72.0
2022-03-17,65.0
2022-03-18,61.0
2022-03-19,36.0
2022-03-20,25.0
2022-03-21,67.0
2022-03-22,81.0
2022-03-23,72.0
2022-03-24,69.0
2022-03-25,61.0
2022-03-26,35.0
2022-03-27,25.0
2022-03-28,70.0
2022-03-29,66.0
2022-03-30,71.0
2022-03-31,66.0
2022-04-01,58.0
2022-04-02,36.0
2022-04-03,25.0
2022-04-04,62.0
2022-04-05,66.0
2022-04-06,68.0
2022-04-07,66.0
2022-04-08,61.0
2022-04-09,34.0
2022-04-10,25.0
2022-04-11,68.0
2022-04-12,74.0
2022-04-13,76.0
2022-04-14,67.0
2022-04-15,58.0
2022-04-16,32.0
2022-04-17,22.0
2022-04-18,59.0
2022-04-19,64.0
2022-04-20,62.0
2022-04-21,63.0
2022-04-22,60.0
2022-04-23,32.0
2022-04-24,24.0
2022-04-25,64.0
2022-04-26,65.0
2022-04-27,66.0
2022-04-28,65.0
2022-04-29,57.0
2022-04-30,31.0
2022-05-01,24.0
2022-05-02,60.0
2022-05-03,62.0
2022-05-04,64.0
2022-05-05,66.0
2022-05-06,67.0
2022-05-07,32.0
2022-05-08,24.0
2022-05-09,59.0
2022-05-10,67.0
2022-05-11,62.0
2022-05-12,69.0
2022-05-13,63.0
2022-05-14,33.0
2022-05-15,24.0
2022-05-16,59.0
2022-05-17,69.0
2022-05-18,71.0
2022-05-19,69.0
2022-05-20,62.0
2022-05-21,34.0
2022-05-22,25.0
2022-05-23,66.0
2022-05-24,72.0
2022-05-25,75.0
2022-05-26,68.0
2022-05-27,58.0
2022-05-28,36.0
2022-05-29,24.0
2022-05-30,24.0
2022-05-31,78.0
2022-06-01,74.0
2022-06-02,73.0
2022-06-03,75.0
2022-06-04,38.0
2022-06-05,30.0
2022-06-06,74.0
2022-06-07,79.0
2022-06-08,80.0
2022-06-09,73.0
2022-06-10,69.0
2022-06-11,36.0
2022-06-12,27.0
2022-06-13,67.0
2022-06-14,72.0
2022-06-15,74.0
2022-06-16,76.0
2022-06-17,68.0
2022-06-18,36.0
2022-06-19,25.0
2022-06-20,57.0
2022-06-21,73.0
2022-06-22,72.0
2022-06-23,79.0
2022-06-24,67.0
2022-06-25,36.0
2022-06-26,26.0
2022-06-27,68.0
2022-06-28,77.0
2022-06-29,80.0
2022-06-30,75.0
2022-07-01,63.0
2022-07-02,32.0
2022-07-03,22.0
2022-07-04,20.0
2022-07-05,72.0
2022-07-06,77.0
2022-07-07,75.0
2022-07-08,73.0
2022-07-09,38.0
2022-07-10,26.0
2022-07-11,71.0
2022-07-12,81.0
2022-07-13,74.0
2022-07-14,75.0
2022-07-15,66.0
2022-07-16,34.0
2022-07-17,26.0
2022-07-18,65.0
2022-07-19,79.0
2022-07-20,77.0
2022-07-21,73.0
2022-07-22,63.0
2022-07-23,33.0
2022-07-24,25.0
2022-07-25,70.0
2022-07-26,75.0
2022-07-27,70.0
2022-07-28,70.0
2022-07-29,67.0
2022-07-30,32.0
2022-07-31,24.0
2022-08-01,63.0
2022-08-02,71.0
2022-08-03,71.0
2022-08-04,72.0
2022-08-05,63.0
2022-08-06,32.0
2022-08-07,24.0
2022-08-08,65.0
2022-08-09,76.0
2022-08-10,73.0
2022-08-11,69.0
2022-08-12,58.0
2022-08-13,31.0
2022-08-14,24.0
2022-08-15,62.0
2022-08-16,71.0
2022-08-17,72.0
2022-08-18,68.0
2022-08-19,63.0
2022-08-20,31.0
2022-08-21,22.0
2022-08-22,63.0
2022-08-23,70.0
2022-08-24,70.0
2022-08-25,65.0
2022-08-26,56.0
2022-08-27,32.0
2022-08-28,23.0
2022-08-29,61.6928999144568
2022-08-30,66.86184773310521
2022-08-31,65.41702309666383
2022-09-01,66.86184773310521
2022-09-02,55.07912745936698
2022-09-03,29.179213002566296
2022-09-04,20.230966638152267
2022-09-05,21.17579127459367
2022-09-06,64.97219846022242
2022-09-07,71.08597091531223
2022-09-08,65.91702309666383
2022-09-09,59.803250641573996
2022-09-10,33.90333618477331
2022-09-11,21.17579127459367
2022-09-12,59.303250641573996
2022-09-13,65.91702309666383
2022-09-14,67.80667236954662
2022-09-15,65.91702309666383
2022-09-16,58.35842600513259
2022-09-17,28.734388366124893
2022-09-18,20.230966638152267
2022-09-19,53.68947818648417
2022-09-20,61.1928999144568
2022-09-21,64.027373823781
2022-09-22,60.7480752780154
2022-09-23,53.18947818648417
2022-09-24,26.844739093242087
2022-09-25,17.896492728828058
2022-09-26,55.07912745936698
2022-09-27,61.1928999144568
2022-09-28,56.93755346449957
2022-09-29,57.82720273738238
2022-09-30,53.37895637296835
2022-10-01,27.57912745936698
2022-10-02,20.461933276304535
2022-10-03,55.15825491873396
2022-10-04,63.16509837467921
2022-10-05,60.4961505560308
2022-10-06,61.385799828913605
2022-10-07,56.93755346449957
2022-10-08,29.358426005132593
2022-10-09,22.241231822070144
2022-10-10,56.047904191616766
2022-10-11,65.83404619332764
2022-10-12,65.83404619332764
2022-10-13,64.05474764756202
2022-10-14,58.716852010265185
2022-10-15,29.358426005132593
2022-10-16,21.35158254918734
2022-10-17,58.716852010265185
2022-10-18,64.05474764756202
2022-10-19,68.50299401197604
2022-10-20,64.05474764756202
2022-10-21,53.37895637296835
2022-10-22,28.468776732249786
2022-10-23,20.461933276304535
2022-10-24,54.26860564585115
2022-10-25,59.60650128314799
2022-10-26,57.82720273738238
2022-10-27,60.4961505560308
2022-10-28,53.37895637296835
2022-10-29,26.689478186484173
2022-10-30,18.682634730538922
2022-10-31,51.59965782720274
2022-11-01,55.15825491873396
2022-11-02,54.26860564585115
2022-11-03,57.82720273738238
2022-11-04,55.15825491873396
2022-11-05,29.358426005132593
2022-11-06,18.682634730538922
2022-11-07,52.48930710008554
2022-11-08,56.047904191616766
2022-11-09,55.15825491873396
2022-11-10,56.047904191616766
2022-11-11,50.710008554319934
2022-11-12,29.358426005132593
2022-11-13,19.57228400342173
2022-11-14,52.48930710008554
2022-11-15,56.047904191616766
2022-11-16,60.4961505560308
2022-11-17,62.275449101796404
2022-11-18,59.60650128314799
2022-11-19,33.80667236954662
2022-11-20,24.020530367835757
2022-11-21,56.047904191616766
2022-11-22,64.94439692044483
2022-11-23,57.82720273738238
2022-11-24,21.35158254918734
2022-11-25,37.365269461077844
2022-11-26,32.02737382378101
2022-11-27,26.689478186484173
2022-11-28,57.82720273738238
2022-11-29,64.05474764756202
2022-11-30,76.5098374679213
2022-12-01,76.5098374679213
2022-12-02,73.84088964927288
2022-12-03,43.59281437125748
2022-12-04,33.80667236954662
2022-12-05,73.84088964927288
2022-12-06,77.39948674080411
2022-12-07,78.28913601368691
2022-12-08,79.17878528656972
2022-12-09,72.95124037639007
2022-12-10,38.25491873396065
2022-12-11,30.2480752780154
2022-12-12,68.50299401197604
2022-12-13,73.84088964927288
2022-12-14,73.84088964927288
2022-12-15,76.5098374679213
2022-12-16,76.5098374679213
2022-12-17,43.59281437125748
2022-12-18,32.91702309666382
2022-12-19,78.28913601368691
2022-12-20,86.29597946963216
2022-12-21,88.96492728828058
2022-12-22,83.62703165098375
2022-12-23,68.50299401197604
2022-12-24,46.2617621899059
2022-12-25,24.910179640718564
2022-12-26,36.47562018819504
2022-12-27,66.72369546621043
2022-12-28,78.28913601368691
2022-12-29,68.50299401197604
2022-12-30,50.710008554319934
2022-12-31,34.696321642429425
2023-01-01,18.682634730538922
2023-01-02,32.02737382378101
2023-01-03,55.15825491873396
2023-01-04,66.72369546621043
2023-01-05,64.05474764756202
2023-01-06,55.15825491873396
2023-01-07,32.02737382378101
2023-01-08,23.13088109495295
2023-01-09,53.37895637296835
2023-01-10,64.05474764756202
2023-01-11,61.385799828913605
2023-01-12,56.93755346449957
2023-01-13,53.37895637296835
2023-01-14,29.358426005132593
2023-01-15,19.57228400342173
2023-01-16,44.48246364414029
2023-01-17,56.047904191616766
2023-01-18,56.047904191616766
2023-01-19,54.26860564585115
2023-01-20,50.710008554319934
2023-01-21,28.468776732249786
2023-01-22,18.682634730538922
2023-01-23,50.710008554319934
2023-01-24,54.26860564585115
2023-01-25,52.48930710008554
2023-01-26,52.48930710008554
2023-01-27,48.93071000855432
2023-01-28,27.57912745936698
2023-01-29,17.792985457656115
2023-01-30,48.041060735671515
2023-01-31,60.4961505560308
2023-02-01,64.94439692044483
2023-02-02,68.50299401197604
2023-02-03,80.95808383233533
2023-02-04,39.14456800684346
2023-02-05,26.689478186484173
2023-02-06,72.06159110350727
2023-02-07,74.73053892215569
2023-02-08,65.83404619332764
2023-02-09,63.16509837467921
2023-02-10,59.60650128314799
2023-02-11,31.137724550898202
2023-02-12,20.461933276304535
2023-02-13,52.48930710008554
2023-02-14,61.385799828913605
2023-02-15,61.385799828913605
2023-02-16,57.82720273738238
2023-02-17,55.15825491873396
2023-02-18,28.468776732249786
2023-02-19,20.461933276304535
2023-02-20,43.59281437125748
2023-02-21,54.26860564585115
2023-02-22,54.26860564585115
2023-02-23,58.716852010265185
2023-02-24,57.82720273738238
2023-02-25,33.80667236954662
2023-02-26,24.020530367835757
2023-02-27,60.4961505560308
2023-02-28,67.61334473909324
2023-03-01,65.83404619332764
2023-03-02,69.39264328485885
2023-03-03,61.385799828913605
2023-03-04,35.58597091531223
2023-03-05,26.689478186484173
2023-03-06,62.275449101796404
2023-03-07,69.39264328485885
2023-03-08,66.72369546621043
2023-03-09,62.275449101796404
2023-03-10,56.047904191616766
2023-03-11,32.02737382378101
2023-03-12,21.35158254918734
2023-03-13,55.15825491873396
2023-03-14,65.83404619332764
2023-03-15,61.385799828913605
2023-03-16,55.15825491873396
2023-03-17,53.37895637296835
2023-03-18,29.358426005132593
2023-03-19,19.57228400342173
2023-03-20,62.275449101796404
2023-03-21,64.05474764756202
2023-03-22,59.60650128314799
2023-03-23,56.047904191616766
2023-03-24,55.15825491873396
2023-03-25,28.468776732249786
2023-03-26,20.461933276304535
2023-03-27,53.37895637296835
2023-03-28,61.385799828913605
2023-03-29,61.385799828913605
2023-03-30,56.047904191616766
2023-03-31,53.37895637296835
2023-04-01,28.468776732249786
2023-04-02,21.35158254918734
2023-04-03,55.15825491873396
2023-04-04,61.385799828913605
2023-04-05,63.16509837467921
2023-04-06,60.4961505560308
2023-04-07,47.15141146278871
2023-04-08,28.468776732249786
2023-04-09,17.792985457656115
2023-04-10,56.93755346449957
2023-04-11,61.385799828913605
2023-04-12,59.60650128314799
2023-04-13,58.716852010265185
2023-04-14,51.59965782720274
2023-04-15,28.468776732249786
2023-04-16,21.35158254918734
2023-04-17,53.37895637296835
2023-04-18,59.60650128314799
2023-04-19,59.60650128314799
2023-04-20,53.37895637296835
2023-04-21,50.710008554319934
2023-04-22,27.57912745936698
2023-04-23,18.682634730538922
2023-04-24,54.26860564585115
2023-04-25,58.716852010265185
2023-04-26,57.82720273738238
2023-04-27,54.326856491099434
2023-04-28,48.904232351623286
2023-04-29,27.902154873925618
2023-04-30,17.845940771518187
2023-05-01,51.61554442136136
2023-05-02,57.82720273738238
2023-05-03,57.82720273738238
2023-05-04,56.24913438429264
2023-05-05,47.326163998533545
2023-05-06,25.979876980732413
2023-05-07,18.634974948063057
2023-05-08,55.11589066764431
2023-05-09,59.74948063057559
2023-05-10,60.194305267016986
2023-05-11,58.61623691392725
2023-05-12,51.61554442136136
2023-05-13,31.058291580105095
2023-05-14,19.424009124607927
2023-05-15,58.61623691392725
2023-05-16,59.40527109047212
2023-05-17,57.82720273738238
2023-05-18,56.24913438429264
2023-05-19,50.482300704713026
2023-05-20,26.76891115727728
2023-05-21,17.05690659497332
2023-05-22,49.69326652816815
2023-05-23,57.82720273738238
2023-05-24,55.904924844189175
2023-05-25,58.17141227748584
2023-05-26,49.566173774899184
2023-05-27,26.159925047863457
2023-05-28,15.833638844759461
2023-05-29,19.96415332600106
2023-05-30,59.20404089779625
2023-05-31,64.02297445924478
2023-06-01,58.51562181758931
2023-06-02,54.385107336347716
2023-06-03,31.667277689518922
2023-06-04,22.717829646828793
2023-06-05,57.138783657175445
2023-06-06,61.26929813841704
2023-06-07,61.957717218623976
2023-06-08,60.580879058210115
2023-06-09,51.63143101551998
2023-06-10,26.84834412807039
2023-06-11,17.89889608538026
2023-06-12,56.45036457696851
2023-06-13,59.89245997800318
2023-06-14,58.51562181758931
2023-06-15,55.07352641655465
2023-06-16,50.25459285510612
2023-06-17,27.536763208277325
2023-06-18,18.587315165587192
2023-06-19,46.81249745407145
2023-06-20,58.51562181758931
2023-06-21,58.51562181758931
2023-06-22,54.385107336347716
2023-06-23,50.25459285510612
2023-06-24,25.471505967656526
2023-06-25,19.275734245794126
2023-06-26,55.761945496761584
2023-06-27,64.7113935394517
2023-06-28,59.20404089779625
2023-06-29,57.82720273738238
2023-06-30,51.63143101551998
2023-07-01,25.471505967656526
2023-07-02,18.587315165587192
2023-07-03,41.993563892622916
2023-07-04,19.96415332600106
2023-07-05,55.07352641655465
2023-07-06,64.02297445924478
2023-07-07,55.761945496761584
2023-07-08,29.602020448898124
2023-07-09,19.275734245794126
2023-07-10,50.25459285510612
2023-07-11,55.07352641655465
2023-07-12,55.07352641655465
2023-07-13,53.69668825614078
2023-07-14,49.566173774899184
2023-07-15,27.536763208277325
2023-07-16,19.275734245794126
2023-07-17,48.189335614485316
2023-07-18,55.07352641655465
2023-07-19,56.45036457696851
2023-07-20,54.385107336347716
2023-07-21,49.566173774899184
2023-07-22,24.094667807242658
2023-07-23,16.522057924966393
2023-07-24,50.94301193531305
2023-07-25,54.385107336347716
2023-07-26,49.566173774899184
2023-07-27,50.94301193531305
2023-07-28,46.81249745407145
2023-07-29,24.094667807242658
2023-07-30,15.833638844759461
2023-07-31,46.12407837386452
2023-08-01,53.00826917593385
2023-08-02,53.69668825614078
2023-08-03,52.31985009572691
2023-08-04,52.31985009572691
2023-08-05,24.783086887449592
2023-08-06,17.89889608538026
2023-08-07,50.94301193531305
2023-08-08,50.94301193531305
2023-08-09,51.63143101551998
2023-08-10,51.63143101551998
2023-08-11,49.566173774899184
2023-08-12,22.717829646828793
2023-08-13,15.833638844759461
2023-08-14,48.87775469469225
2023-08-15,54.385107336347716
2023-08-16,54.385107336347716
2023-08-17,50.25459285510612
2023-08-18,48.189335614485316
2023-08-19,24.094667807242658
2023-08-20,16.522057924966393
2023-08-21,46.81249745407145
2023-08-22,53.69668825614078
2023-08-23,50.25459285510612
2023-08-24,52.31985009572691
2023-08-25,44.74724021345065
2023-08-26,23.406248727035724
2023-08-27,15.833638844759461
2023-08-28,46.81249745407145
2023-08-29,47.50091653427838
2023-08-30,48.87775469469225
2023-08-31,47.50091653427838
2023-09-01,43.370402053036784
2023-09-02,22.02941056662186
2023-09-03,13.768381604138662
2023-09-04,16.522057924966393
2023-09-05,51.63143101551998
2023-09-06,56.45036457696851
2023-09-07,49.566173774899184
2023-09-08,46.12407837386452
2023-09-09,25.471505967656526
2023-09-10,17.210477005173328
2023-09-11,49.566173774899184
2023-09-12,52.31985009572691
2023-09-13,48.87775469469225
2023-09-14,46.81249745407145
2023-09-15,43.370402053036784
2023-09-16,21.340991486414925
2023-09-17,13.768381604138662
2023-09-18,43.370402053036784
2023-09-19,48.189335614485316
2023-09-20,44.05882113324372
2023-09-21,49.566173774899184
2023-09-22,44.74724021345065
2023-09-23,20.652572406207995
2023-09-24,13.768381604138662
2023-09-25,45.43565929365759
2023-09-26,46.12407837386452
2023-09-27,41.993563892622916
2023-09-28,46.12407837386452
2023-09-29,42.68198297282985
2023-09-30,21.340991486414925
2023-10-01,13.768381604138662
2023-10-02,42.68198297282985
2023-10-03,41.993563892622916
2023-10-04,39.92830665200212
2023-10-05,43.370402053036784
2023-10-06,50.25459285510612
2023-10-07,22.02941056662186
2023-10-08,13.768381604138662
2023-10-09,37.86304941138132
2023-10-10,44.05882113324372
2023-10-11,44.05882113324372
2023-10-12,44.05882113324372
2023-10-13,41.30514481241599
2023-10-14,20.652572406207995
2023-10-15,15.145219764552529
2023-10-16,44.05882113324372
2023-10-17,50.25459285510612
2023-10-18,48.87775469469225
2023-10-19,48.87775469469225
2023-10-20,41.993563892622916
2023-10-21,20.652572406207995
2023-10-22,14.456800684345595
2023-10-23,39.23988757179519
2023-10-24,44.05882113324372
2023-10-25,45.43565929365759
2023-10-26,46.12407837386452
2023-10-27,41.30514481241599
2023-10-28,21.340991486414925
2023-10-29,13.079962523931728
2023-10-30,41.993563892622916
2023-10-31,43.370402053036784
2023-11-01,45.43565929365759
2023-11-02,44.05882113324372
2023-11-03,38.55146849158825
2023-11-04,19.96415332600106
2023-11-05,13.079962523931728
2023-11-06,40.616725732209055
2023-11-07,45.43565929365759
2023-11-08,44.74724021345065
2023-11-09,42.68198297282985
2023-11-10,41.30514481241599
2023-11-11,23.406248727035724
2023-11-12,15.145219764552529
2023-11-13,41.993563892622916
2023-11-14,46.81249745407145
2023-11-15,46.12407837386452
2023-11-16,43.370402053036784
2023-11-17,43.370402053036784
2023-11-18,24.094667807242658
2023-11-19,15.833638844759461
2023-11-20,42.68198297282985
2023-11-21,49.566173774899184
2023-11-22,45.43565929365759
2023-11-23,17.89889608538026
2023-11-24,33.73253493013972
2023-11-25,25.471505967656526
2023-11-26,20.652572406207995
2023-11-27,46.12407837386452
2023-11-28,55.761945496761584
2023-11-29,60.580879058210115
2023-11-30,59.20404089779625
2023-12-01,53.00826917593385
2023-12-02,36.48621125096746
2023-12-03,24.094667807242658
2023-12-04,54.385107336347716
2023-12-05,59.20404089779625
2023-12-06,54.385107336347716
2023-12-07,55.761945496761584
2023-12-08,52.31985009572691
2023-12-09,29.602020448898124
2023-12-10,22.717829646828793
2023-12-11,49.566173774899184
2023-12-12,56.45036457696851
2023-12-13,59.20404089779625
2023-12-14,51.63143101551998
2023-12-15,50.94301193531305
2023-12-16,32.35569676972585
2023-12-17,23.406248727035724
2023-12-18,50.94301193531305
2023-12-19,64.7113935394517
2023-12-20,68.84190802069331
2023-12-21,66.77665078007252
2023-12-22,57.39067386154754
2023-12-23,35.755559953627106
2023-12-24,20.00687041359525
2023-12-25,12.147993011278013
2023-12-26,38.04128779276184
2023-12-27,48.87431211442075
2023-12-28,46.58858427528601
2023-12-29,43.30116255123826
2023-12-30,24.922535631968195
2023-12-31,15.748689540031855
2024-01-01,14.433720850412751
2024-01-02,46.24437473518255
2024-01-03,48.87431211442075
2024-01-04,44.27192170075389
2024-01-05,43.61443735594434
2024-01-06,25.924229516881212
2024-01-07,16.71944868954749
2024-01-08,41.98619386161916
2024-01-09,47.559343424801654
2024-01-10,50.18928080403985
2024-01-11,44.92940604556345
2024-01-12,41.98619386161916
2024-01-13,22.63680779283346
2024-01-14,14.746995655118837
2024-01-15,35.755559953627106
2024-01-16,44.92940604556345
2024-01-17,55.104946022412804
2024-01-18,61.33557993040485
2024-01-19,62.650548620023955
2024-01-20,34.127316459301916
2024-01-21,19.42303789177727
2024-01-22,59.52221289415615
2024-01-23,61.40186172239266
2024-01-24,55.762915237683124
2024-01-25,50.123968752973596
2024-01-26,45.73812148708841
2024-01-27,21.302686720013778
2024-01-28,13.15754179765557
2024-01-29,39.472625392966705
2024-01-30,47.61777031532492
2024-01-31,43.23192304943973
2024-02-01,43.23192304943973
2024-02-02,41.35227422120322
2024-02-03,19.42303789177727
2024-02-04,13.78409140706774
2024-02-05,41.35227422120322
2024-02-06,44.48502226826407
2024-02-07,42.605373440027556
2024-02-08,45.73812148708841
2024-02-09,37.5929765647302
2024-02-10,18.7964882823651
2024-02-11,10.651343360006889
2024-02-12,35.71332773649369
2024-02-13,42.605373440027556
2024-02-14,41.97882383061539
2024-02-15,43.23192304943973
2024-02-16,38.84607578355454
2024-02-17,16.91683945412859
2024-02-18,11.27789296941906
2024-02-19,36.96642695531803
2024-02-20,38.84607578355454
2024-02-21,43.23192304943973
2024-02-22,40.72572461179105
2024-02-23,40.72572461179105
2024-02-24,20.67613711060161
2024-02-25,13.15754179765557
2024-02-26,38.84607578355454
2024-02-27,43.858472658851895
2024-02-28,50.123968752973596
2024-02-29,43.23192304943973
2024-03-01,41.35227422120322
2024-03-02,21.302686720013778
2024-03-03,13.78409140706774
2024-03-04,41.97882383061539
2024-03-05,48.87086953414926
2024-03-06,46.991220705912745
2024-03-07,45.11157187767624
2024-03-08,46.36467109650058
2024-03-09,21.302686720013778
2024-03-10,13.78409140706774
2024-03-11,41.97882383061539
2024-03-12,47.61777031532492
2024-03-13,44.48502226826407
2024-03-14,46.991220705912745
2024-03-15,41.97882383061539
2024-03-16,22.55578593883812
2024-03-17,16.91683945412859
2024-03-18,57.01601445650747
2024-03-19,45.73812148708841
2024-03-20,46.36467109650058
2024-03-21,42.605373440027556
2024-03-22,40.09917500237888
2024-03-23,20.04958750118944
2024-03-24,13.78409140706774
2024-03-25,49.49741914356143
2024-03-26,45.73812148708841
2024-03-27,50.123968752973596
2024-03-28,47.61777031532492
2024-03-29,36.96642695531803
2024-03-30,16.91683945412859
2024-03-31,10.651343360006889
2024-04-01,42.605373440027556
2024-04-02,45.11157187767624
2024-04-03,41.35227422120322
2024-04-04,43.23192304943973
2024-04-05,38.84607578355454
2024-04-06,19.42303789177727
2024-04-07,13.78409140706774
2024-04-08,36.33987734590586
2024-04-09,42.605373440027556
2024-04-10,40.72572461179105
2024-04-11,41.35227422120322
2024-04-12,39.472625392966705
2024-04-13,18.16993867295293
2024-04-14,13.78409140706774
2024-04-15,43.23192304943973
2024-04-16,45.11157187767624
2024-04-17,44.48502226826407
2024-04-18,43.23192304943973
2024-04-19,40.09917500237888
2024-04-20,20.04958750118944
2024-04-21,13.78409140706774
2024-04-22,41.35227422120322
2024-04-23,41.35227422120322
2024-04-24,46.991220705912745
2024-04-25,42.605373440027556
2024-04-26,40.72572461179105
2024-04-27,20.04958750118944
2024-04-28,13.15754179765557
2024-04-29,46.36467109650058
2024-04-30,42.605373440027556
2024-05-01,43.23192304943973
2024-05-02,41.97882383061539
2024-05-03,41.35227422120322
2024-05-04,21.929236329425947
2024-05-05,15.66374023530425
2024-05-06,44.48502226826407
2024-05-07,46.36467109650058
2024-05-08,45.73812148708841
2024-05-09,52.00361758121011
2024-05-10,43.23192304943973
2024-05-11,22.55578593883812
2024-05-12,13.78409140706774
2024-05-13,44.48502226826407
2024-05-14,45.11157187767624
2024-05-15,43.23192304943973
2024-05-16,43.23192304943973
2024-05-17,40.09917500237888
2024-05-18,20.04958750118944
2024-05-19,15.66374023530425
2024-05-20,48.87086953414926
2024-05-21,46.991220705912745
2024-05-22,43.858472658851895
2024-05-23,42.605373440027556
2024-05-24,41.35227422120322
2024-05-25,20.67613711060161
2024-05-26,13.15754179765557
2024-05-27,15.66374023530425
2024-05-28,48.87086953414926
2024-05-29,44.48502226826407
2024-05-30,46.991220705912745
2024-05-31,46.991220705912745
2024-06-01,23.18233554825029
2024-06-02,16.29028984471642
2024-06-03,43.23192304943973
2024-06-04,45.73812148708841
2024-06-05,46.36467109650058
2024-06-06,49.49741914356143
2024-06-07,43.23192304943973
2024-06-08,21.302686720013778
2024-06-09,15.03719062589208
2024-06-10,48.24431992473709
2024-06-11,46.36467109650058
2024-06-12,48.24431992473709
2024-06-13,50.123968752973596
2024-06-14,43.23192304943973
2024-06-15,20.67613711060161
2024-06-16,18.16993867295293
2024-06-17,46.991220705912745
2024-06-18,50.75051836238577
2024-06-19,46.991220705912745
2024-06-20,52.00361758121011
2024-06-21,43.23192304943973
2024-06-22,20.04958750118944
2024-06-23,14.410641016479909
2024-06-24,44.48502226826407
2024-06-25,52.00361758121011
2024-06-26,48.24431992473709
2024-06-27,47.61777031532492
2024-06-28,44.48502226826407
2024-06-29,20.67613711060161
2024-06-30,13.78409140706774
2024-07-01,42.605373440027556
2024-07-02,48.87086953414926
2024-07-03,47.61777031532492
2024-07-04,19.42303789177727
2024-07-05,42.605373440027556
2024-07-06,24.43543476707463
2024-07-07,15.03719062589208
2024-07-08,45.73812148708841
2024-07-09,52.00361758121011
2024-07-10,50.123968752973596
2024-07-11,48.87086953414926
2024-07-12,48.24431992473709
2024-07-13,20.04958750118944
2024-07-14,14.410641016479909
2024-07-15,48.87086953414926
2024-07-16,52.63016719062228
2024-07-17,50.75051836238577
2024-07-18,47.61777031532492
2024-07-19,48.87086953414926
2024-07-20,22.55578593883812
2024-07-21,15.03719062589208
2024-07-22,45.11157187767624
2024-07-23,47.61777031532492
2024-07-24,53.25671680003445
2024-07-25,50.123968752973596
2024-07-26,46.991220705912745
2024-07-27,19.42303789177727
2024-07-28,14.410641016479909
2024-07-29,46.36467109650058
2024-07-30,48.24431992473709
2024-07-31,47.61777031532492
2024-08-01,46.991220705912745
2024-08-02,40.72572461179105
2024-08-03,20.04958750118944
2024-08-04,14.410641016479909
2024-08-05,46.991220705912745
2024-08-06,47.61777031532492
2024-08-07,50.123968752973596
2024-08-08,46.991220705912745
2024-08-09,43.858472658851895
2024-08-10,21.929236329425947
2024-08-11,15.66374023530425
2024-08-12,46.36467109650058
2024-08-13,49.49741914356143
2024-08-14,52.00361758121011
2024-08-15,48.87086953414926
2024-08-16,41.97882383061539
2024-08-17,21.929236329425947
2024-08-18,15.134149331364286
2024-08-19,41.23813296033087
2024-08-20,46.409775304425935
2024-08-21,50.506587441973096
2024-08-22,46.409775304425935
2024-08-23,39.53675314437079
2024-08-24,20.99984418108635
2024-08-25,14.440096825737289
2024-08-26,41.23813296033087
2024-08-27,46.409775304425935
2024-08-28,48.805207626013015
2024-08-29,44.014342982838855
2024-08-30,40.544080454703874
2024-08-31,19.925013974538437
2024-09-01,12.738717009777208
2024-09-02,14.440096825737289
2024-09-03,45.715722798798936
2024-09-04,48.805207626013015
2024-09-05,48.111155120386016
2024-09-06,43.63356528191795
2024-09-07,22.007171491419427
2024-09-08,16.835529147324365
2024-09-09,52.58874495885409
2024-09-10,50.88736514289401
2024-09-11,47.79788031567993
2024-09-12,45.715722798798936
2024-09-13,42.62623797158487
2024-09-14,18.917686664205355
2024-09-15,13.051991814483294
2024-09-16,40.544080454703874
2024-09-17,44.17021330682582
2024-09-18,41.12399169945853
2024-09-19,41.12399169945853
2024-09-20,41.885547101300354
2024-09-21,20.561995849729264
2024-09-22,12.946441831311018
2024-09-23,41.885547101300354
2024-09-24,44.17021330682582
2024-09-25,46.4548795123513
2024-09-26,41.885547101300354
2024-09-27,38.07777009209123
2024-09-28,20.561995849729264
2024-09-29,12.946441831311018
2024-09-30,41.12399169945853
2024-10-01,42.64710250314218
2024-10-02,42.64710250314218
2024-10-03,43.408657904984004
2024-10-04,39.60088089577488
2024-10-05,19.038885046045614
2024-10-06,12.184886429469193
2024-10-07,38.83932549393305
2024-10-08,43.408657904984004
2024-10-09,41.885547101300354
2024-10-10,39.60088089577488
2024-10-11,40.3624362976167
2024-10-12,22.846662055254736
2024-10-13,15.231108036836492
2024-10-14,42.64710250314218
2024-10-15,45.69332411050947
2024-10-16,44.93176870866765
2024-10-17,47.97799031603495
2024-10-18,44.17021330682582
2024-10-19,19.038885046045614
2024-10-20,12.946441831311018
2024-10-21,40.3624362976167
2024-10-22,44.17021330682582
2024-10-23,44.17021330682582
2024-10-24,43.408657904984004
2024-10-25,40.3624362976167
2024-10-26,19.80044044788744
2024-10-27,13.707997233152842
2024-10-28,42.64710250314218
2024-10-29,43.408657904984004
2024-10-30,44.93176870866765
2024-10-31,43.408657904984004
2024-11-01,40.3624362976167
2024-11-02,19.038885046045614
2024-11-03,11.423331027627368
2024-11-04,38.07777009209123
2024-11-05,41.885547101300354
2024-11-06,32.74688227919846
2024-11-07,42.64710250314218
2024-11-08,38.83932549393305
2024-11-09,20.561995849729264
2024-11-10,12.946441831311018
2024-11-11,38.07777009209123
2024-11-12,41.12399169945853
2024-11-13,40.3624362976167
2024-11-14,41.885547101300354
2024-11-15,38.83932549393305
2024-11-16,20.561995849729264
2024-11-17,13.707997233152842
2024-11-18,43.408657904984004
2024-11-19,44.93176870866765
2024-11-20,51.02421192340225
2024-11-21,45.69332411050947
2024-11-22,41.12399169945853
2024-11-23,22.08510665341291
2024-11-24,15.231108036836492
2024-11-25,44.17021330682582
2024-11-26,47.21643491419312
2024-11-27,46.4548795123513
2024-11-28,16.754218840520142
2024-11-29,33.508437681040284
2024-11-30,26.654439064463862
2024-12-01,21.32355125157109
2024-12-02,47.97799031603495
2024-12-03,55.59354433445319
2024-12-04,62.44754295102962
2024-12-05,62.44754295102962
2024-12-06,63.97065375471326
2024-12-07,40.3624362976167
2024-12-08,28.939105269989334
2024-12-09,59.40132134366232
2024-12-10,67.77843076392239
2024-12-11,64.73220915655509
2024-12-12,66.25531996023874
2024-12-13,62.44754295102962
2024-12-14,44.93176870866765
2024-12-15,28.939105269989334
2024-12-16,62.44754295102962
2024-12-17,73.10931857681516
2024-12-18,74.6324293804988
2024-12-19,76.15554018418246
2024-12-20,73.10931857681516
2024-12-21,45.69332411050947
2024-12-22,30.462216073672984
2024-12-23,56.35509973629502
2024-12-24,47.97799031603495
2024-12-25,15.992663438678315
2024-12-26,41.885547101300354
2024-12-27,47.21643491419312
2024-12-28,27.415994466305683
2024-12-29,19.80044044788744
2024-12-30,51.78576732524407
2024-12-31,41.885547101300354
2025-01-01,16.754218840520142
2025-01-02,51.02421192340225
2025-01-03,48.73954571787677
2025-01-04,29.70066067183116
2025-01-05,19.038885046045614
2025-01-06,46.4548795123513
2025-01-07,52.5473227270859
2025-01-08,51.02421192340225
2025-01-09,52.5473227270859
2025-01-10,49.5011011197186
2025-01-11,28.17754986814751
2025-01-12,20.561995849729264
2025-01-13,55.59354433445319
2025-01-14,57.87821053997867
2025-01-15,51.78576732524407
2025-01-16,49.5011011197186
2025-01-17,44.17021330682582
2025-01-18,22.08510665341291
2025-01-19,15.231108036836492
2025-01-20,38.07777009209123
2025-01-21,44.17021330682582
2025-01-22,45.69332411050947
2025-01-23,44.17021330682582
2025-01-24,45.69332411050947
2025-01-25,22.846662055254736
2025-01-26,14.469552634994667
2025-01-27,40.3624362976167
2025-01-28,47.21643491419312
2025-01-29,43.408657904984004
2025-01-30,41.885547101300354
2025-01-31,40.3624362976167
2025-02-01,19.80044044788744
2025-02-02,13.707997233152842
2025-02-03,36.55465928840758
2025-02-04,43.408657904984004
2025-02-05,42.64710250314218
2025-02-06,40.3624362976167
2025-02-07,42.64710250314218
2025-02-08,22.846662055254736
2025-02-09,12.946441831311018
2025-02-10,39.60088089577488
2025-02-11,46.4548795123513
2025-02-12,48.73954571787677
2025-02-13,47.21643491419312
2025-02-14,44.93176870866765
2025-02-15,22.08510665341291
2025-02-16,15.231108036836492
2025-02-17,41.12399169945853
2025-02-18,44.93176870866765
2025-02-19,46.4548795123513
2025-02-20,51.02421192340225
2025-02-21,51.78576732524407
2025-02-22,25.13132826078021
2025-02-23,15.992663438678315
2025-02-24,49.5011011197186
2025-02-25,49.5011011197186
2025-02-26,47.21643491419312
2025-02-27,45.69332411050947
2025-02-28,47.21643491419312
2025-03-01,22.846662055254736
2025-03-02,15.231108036836492
2025-03-03,41.12399169945853
2025-03-04,47.21643491419312
2025-03-05,47.97799031603495
2025-03-06,46.4548795123513
2025-03-07,45.69332411050947
2025-03-08,24.369772858938386
2025-03-09,15.231108036836492
2025-03-10,41.12399169945853
2025-03-11,48.73954571787677
2025-03-12,48.73954571787677
2025-03-13,46.4548795123513
2025-03-14,41.12399169945853
2025-03-15,22.846662055254736
2025-03-16,15.992663438678315
2025-03-17,41.12399169945853
2025-03-18,44.17021330682582
2025-03-19,47.97799031603495
2025-03-20,46.4548795123513
2025-03-21,43.408657904984004
2025-03-22,22.08510665341291
2025-03-23,15.231108036836492
2025-03-24,43.408657904984004
2025-03-25,47.21643491419312
2025-03-26,44.17021330682582
2025-03-27,41.885547101300354
2025-03-28,44.17021330682582
2025-03-29,25.13132826078021
2025-03-30,15.992663438678315
2025-03-31,44.17021330682582
2025-04-01,44.93176870866765
2025-04-02,44.17021330682582
2025-04-03,51.02421192340225
2025-04-04,47.97799031603495
2025-04-05,24.369772858938386
2025-04-06,15.992663438678315
2025-04-07,42.64710250314218
2025-04-08,47.21643491419312
2025-04-09,48.73954571787677
2025-04-10,50.26265652156042
2025-04-11,42.64710250314218
2025-04-12,22.846662055254736
2025-04-13,14.469552634994667
2025-04-14,42.64710250314218
2025-04-15,48.599041283864565
2025-04-16,51.000037681428665
2025-04-17,44.807157837057964
2025-04-18,39.624387341008855
2025-04-19,19.9695265823546
2025-04-20,12.071093865041057
2025-04-21,42.40616143949387
2025-04-22,45.817267185379556
2025-04-23,45.50260136167922
2025-04-24,42.72082726319421
2025-04-25,43.41627078781546
2025-04-26,22.05585715621836
2025-04-27,14.472090262605153
2025-04-28,43.41627078781546
2025-04-29,48.218263582943656
2025-04-30,42.72082726319421
2025-05-01,43.41627078781546
2025-05-02,40.00516504192977
2025-05-03,21.045747807896767
2025-05-04,13.776646737983901
2025-05-05,40.31983086563011
2025-05-06,47.208154234622064
2025-05-07,42.025383738572955
2025-05-08,44.11171431243672
2025-05-09,45.50260136167922
2025-05-10,21.360413631597105
2025-05-11,14.472090262605153
2025-05-12,44.807157837057964
2025-05-13,43.41627078781546
2025-05-14,51.69548120604992
2025-05-15,44.68254696544828
2025-05-16,39.64789378624284
2025-05-17,21.39727601162312
2025-05-18,14.474627890215642
2025-05-19,42.165220375845564
2025-05-20,47.82920520245168
2025-05-21,46.57054190765032
2025-05-22,47.82920520245168
2025-05-23,41.53588872844488
2025-05-24,20.76794436422244
2025-05-25,13.84529624281496
2025-05-26,16.36262283241768
2025-05-27,49.08786849725304
2025-05-28,50.97586343945508
2025-05-29,50.34653179205441
2025-05-30,55.38118497125984
2025-05-31,23.91460260122584
2025-06-01,15.733291185017
2025-06-02,49.08786849725304
2025-06-03,50.97586343945508
2025-06-04,49.717200144653724
2025-06-05,49.717200144653724
2025-06-06,44.053215318047606
2025-06-07,22.026607659023803
2025-06-08,15.733291185017
2025-06-09,45.311878612848965
2025-06-10,48.458536849852365
2025-06-11,49.717200144653724
2025-06-12,49.717200144653724
2025-06-13,41.53588872844488
2025-06-14,21.39727601162312
2025-06-15,15.733291185017
2025-06-16,45.311878612848965
2025-06-17,47.82920520245168
2025-06-18,45.94121026024964
2025-06-19,40.906557081044205
2025-06-20,43.42388367064692
2025-06-21,21.39727601162312
2025-06-22,14.474627890215642
2025-06-23,44.053215318047606
2025-06-24,47.82920520245168
2025-06-25,47.199873555051006
2025-06-26,49.08786849725304
2025-06-27,44.053215318047606
2025-06-28,22.026607659023803
2025-06-29,15.103959537616321
2025-06-30,42.79455202324624
2025-07-01,50.34653179205441
2025-07-02,48.458536849852365
2025-07-03,46.57054190765032
2025-07-04,16.99195447981836
2025-07-05,23.28527095382516
2025-07-06,16.99195447981836
2025-07-07,49.08786849725304
2025-07-08,50.34653179205441
2025-07-09,52.863858381657124
2025-07-10,50.34653179205441
2025-07-11,47.82920520245168
2025-07-12,25.173265896027203
2025-07-13,16.99195447981836
2025-07-14,50.34653179205441
2025-07-15,56.010516618660525
2025-07-16,59.7865065030646
2025-07-17,54.751853323859166
2025-07-18,48.458536849852365
2025-07-19,25.173265896027203
2025-07-20,16.99195447981836
2025-07-21,47.82920520245168
2025-07-22,48.458536849852365
2025-07-23,52.23452673425644
2025-07-24,47.199873555051006
2025-07-25,44.68254696544828
2025-07-26,22.026607659023803
2025-07-27,15.733291185017
2025-07-28,51.605195086855765
2025-07-29,45.94121026024964
2025-07-30,47.199873555051006
2025-07-31,48.458536849852365
2025-08-01,41.53588872844488
2025-08-02,21.39727601162312
2025-08-03,15.103959537616321
2025-08-04,44.68254696544828
2025-08-05,49.08786849725304
2025-08-06,49.717200144653724
2025-08-07,47.199873555051006
2025-08-08,47.82920520245168
2025-08-09,22.655939306424482
2025-08-10,15.733291185017
2025-08-11,46.57054190765032
2025-08-12,48.458536849852365
2025-08-13,51.605195086855765
2025-08-14,47.82920520245168
2025-08-15,44.68254696544828
2025-08-16,22.655939306424482
2025-08-17,16.99195447981836
2025-08-18,49.08786849725304
2025-08-19,46.57054190765032
2025-08-20,48.458536849852365
2025-08-21,46.57054190765032
2025-08-22,43.42388367064692
2025-08-23,23.28527095382516
2025-08-24,16.36262283241768
2025-08-25,46.57054190765032
2025-08-26,49.717200144653724
2025-08-27,46.57054190765032
2025-08-28,46.57054190765032
2025-08-29,43.42388367064692
2025-08-30,20.13861271682176
2025-08-31,14.474627890215642
2025-09-01,15.733291185017
2025-09-02,47.199873555051006
2025-09-03,49.08786849725304
2025-09-04,49.08786849725304
2025-09-05,49.08786849725304
2025-09-06,23.28527095382516
2025-09-07,14.474627890215642
2025-09-08,46.57054190765032
2025-09-09,47.199873555051006
2025-09-10,44.053215318047606
2025-09-11,42.79455202324624
2025-09-12,39.018562138842164
2025-09-13,22.026607659023803
2025-09-14,13.215964595414281
2025-09-15,39.018562138842164
2025-09-16,42.165220375845564
2025-09-17,42.79455202324624
2025-09-18,44.053215318047606
2025-09-19,40.27722543364352
2025-09-20,20.13861271682176
2025-09-21,13.84529624281496
2025-09-22,43.42388367064692
2025-09-23,45.311878612848965
2025-09-24,44.053215318047606
2025-09-25,48.458536849852365
2025-09-26,45.94121026024964
2025-09-27,20.13861271682176
2025-09-28,14.474627890215642
2025-09-29,42.165220375845564
2025-09-30,47.82920520245168
2025-10-01,43.42388367064692
2025-10-02,42.165220375845564
2025-10-03,38.38923049144148
2025-10-04,20.13861271682176
2025-10-05,13.84529624281496
2025-10-06,41.53588872844488
2025-10-07,41.53588872844488
2025-10-08,45.94121026024964
2025-10-09,44.68254696544828
2025-10-10,42.165220375845564
2025-10-11,20.13861271682176
2025-10-12,15.733291185017
2025-10-13,39.64789378624284
2025-10-14,47.199873555051006
2025-10-15,44.053215318047606
2025-10-16,45.311878612848965
2025-10-17,47.199873555051006
2025-10-18,21.39727601162312
2025-10-19,14.474627890215642
2025-10-20,41.53588872844488
2025-10-21,42.79455202324624
2025-10-22,46.57054190765032
2025-10-23,52.863858381657124
2025-10-24,44.053215318047606
2025-10-25,21.39727601162312
2025-10-26,15.103959537616321
2025-10-27,41.53588872844488
2025-10-28,44.68254696544828
2025-10-29,44.68254696544828
2025-10-30,44.68254696544828
2025-10-31,41.53588872844488
2025-11-01,18.879949422020402
2025-11-02,13.84529624281496
2025-11-03,40.27722543364352
2025-11-04,42.165220375845564
2025-11-05,42.165220375845564
2025-11-06,42.79455202324624
2025-11-07,41.53588872844488
2025-11-08,21.39727601162312
2025-11-09,13.84529624281496
2025-11-10,40.27722543364352
2025-11-11,42.79455202324624
2025-11-12,42.165220375845564
2025-11-13,45.311878612848965
2025-11-14,42.165220375845564
2025-11-15,20.76794436422244
2025-11-16,15.103959537616321
2025-11-17,41.53588872844488
2025-11-18,44.053215318047606
2025-11-19,46.57054190765032
2025-11-20,44.053215318047606
2025-11-21,44.053215318047606
2025-11-22,23.91460260122584
2025-11-23,15.733291185017
2025-11-24,45.94121026024964
2025-11-25,47.199873555051006
2025-11-26,46.57054190765032
2025-11-27,16.99195447981836
2025-11-28,33.98390895963672
2025-11-29,28.3199241330306
2025-11-30,20.13861271682176
2025-12-01,47.199873555051006
2025-12-02,54.751853323859166
2025-12-03,61.67450144526664
2025-12-04,62.933164740068
2025-12-05,58.52784320826324
2025-12-06,39.018562138842164
2025-12-07,27.06126083822924
2025-12-08,54.751853323859166
2025-12-09,62.303833092667325
2025-12-10,60.415838150465284
2025-12-11,56.954514089761545
2025-12-12,56.6398482660612
2025-12-13,39.962559609943185
2025-12-14,23.91460260122584
2025-12-15,52.23452673425644
2025-12-16,58.52784320826324
2025-12-17,60.73050397416563
2025-12-18,62.933164740068
2025-12-19,57.898511560862566
2025-12-20,37.13056719664012
2025-12-21,28.3199241330306
2025-12-22,58.213177384562904
2025-12-23,56.010516618660525
2025-12-24,49.717200144653724
2025-12-25,18.25061777461972
2025-12-26,37.44523302034047
2025-12-27,26.431929190828562
2025-12-28,20.13861271682176
2025-12-29,50.34653179205441
2025-12-30,47.82920520245168
2025-12-31,39.018562138842164
2026-01-01,16.99195447981836
2026-01-02,39.018562138842164
2026-01-03,28.3199241330306
2026-01-04,18.879949422020402
2026-01-05,46.88520773135066
2026-01-06,44.367881141747944
2026-01-07,43.10921784694658
2026-01-08,41.850554552145226
2026-01-09,39.962559609943185
2026-01-10,22.655939306424482
2026-01-11,13.84529624281496
2026-01-12,39.018562138842164
2026-01-13,39.64789378624284
2026-01-14,37.759898844040805
2026-01-15,39.018562138842164
2026-01-16,35.24257225443808
2026-01-17,21.39727601162312
2026-01-18,12.586632948013602
2026-01-19,33.35457731223604
2026-01-20,40.27722543364352
2026-01-21,39.018562138842164
2026-01-22,39.64789378624284
2026-01-23,37.759898844040805
2026-01-24,18.25061777461972
2026-01-25,12.586632948013602
2026-01-26,34.613240607037405
2026-01-27,49.717200144653724
2026-01-28,55.38118497125984
2026-01-29,60.415838150465284
2026-01-30,61.67450144526664
2026-01-31,30.83725072263332
2026-02-01,20.13861271682176
2026-02-02,47.82920520245168
2026-02-03,50.97586343945508
2026-02-04,47.199873555051006
2026-02-05,45.311878612848965
2026-02-06,43.42388367064692
2026-02-07,21.39727601162312
2026-02-08,13.84529624281496
2026-02-09,35.24257225443808
2026-02-10,40.27722543364352
2026-02-11,44.053215318047606
2026-02-12,41.53588872844488
2026-02-13,39.018562138842164
2026-02-14,19.509281069421082
2026-02-15,11.95730130061292
2026-02-16,31.466582370034
2026-02-17,37.13056719664012
2026-02-18,38.38923049144148
2026-02-19,37.13056719664012
2026-02-20,35.24257225443808
2026-02-21,18.25061777461972
2026-02-22,11.327969653212241
2026-02-23,35.87190390183876
2026-02-24,39.018562138842164
2026-02-25,40.27722543364352
2026-02-26,40.906557081044205
2026-02-27,40.906557081044205
2026-02-28,24.54393424862652
2026-03-01,15.103959537616321
2026-03-02,40.906557081044205
2026-03-03,44.68254696544828
2026-03-04,46.57054190765032
2026-03-05,43.42388367064692
2026-03-06,41.53588872844488
2026-03-07,23.28527095382516
2026-03-08,15.733291185017
2026-03-09,40.27722543364352
2026-03-10,43.42388367064692
2026-03-11,48.458536849852365
2026-03-12,44.68254696544828
2026-03-13,40.27722543364352
2026-03-14,21.39727601162312
2026-03-15,14.474627890215642
2026-03-16,44.053215318047606
2026-03-17,43.42388367064692
2026-03-18,45.94121026024964
2026-03-19,42.79455202324624
2026-03-20,38.38923049144148
2026-03-21,21.39727601162312
2026-03-22,15.103959537616321
2026-03-23,42.79455202324624
2026-03-24,43.42388367064692
2026-03-25,44.053215318047606
2026-03-26,42.79455202324624
2026-03-27,41.53588872844488
2026-03-28,22.026607659023803
2026-03-29,15.103959537616321
2026-03-30,40.27722543364352
2026-03-31,41.53588872844488
2026-04-01,41.53588872844488
2026-04-02,40.27722543364352
2026-04-03,36.50123554923944
2026-04-04,19.509281069421082
2026-04-05,12.586632948013602
2026-04-06,44.053215318047606
2026-04-07,41.53588872844488
2026-04-08,42.165220375845564
2026-04-09,38.38923049144148
2026-04-10,38.38923049144148
2026-04-11,20.13861271682176
2026-04-12,13.215964595414281
2026-04-13,39.018562138842164
2026-04-14,43.42388367064692
2026-04-15,40.906557081044205
2026-04-16,44.053215318047606
2026-04-17,35.87190390183876
2026-04-18,19.509281069421082
2026-04-19,13.84529624281496
2026-04-20,40.27722543364352
2026-04-21,42.79455202324624
2026-04-22,44.68254696544828
2026-04-23,43.42388367064692
2026-04-24,36.50123554923944
2026-04-25,20.13861271682176
2026-04-26,13.84529624281496
2026-04-27,42.79455202324624
2026-04-28,44.053215318047606
2026-04-29,45.311878612848965
2026-04-30,39.64789378624284
2026-05-01,40.27722543364352
2026-05-02,19.509281069421082
2026-05-03,15.103959537616321
2026-05-04,38.38923049144148
2026-05-05,43.42388367064692
2026-05-06,42.79455202324624
2026-05-07,42.165220375845564
2026-05-08,41.53588872844488
2026-05-09,24.54393424862652
2026-05-10,14.474627890215642
2026-05-11,40.906557081044205
2026-05-12,43.42388367064692
2026-05-13,42.79455202324624
2026-05-14,45.311878612848965
2026-05-15,41.53588872844488
2026-05-16,21.39727601162312
2026-05-17,14.474627890215642
2026-05-18,39.018562138842164
2026-05-19,42.165220375845564
2026-05-20,46.57054190765032
2026-05-21,44.053215318047606
2026-05-22,42.79455202324624
2026-05-23,23.28527095382516
2026-05-24,13.215964595414281
2026-05-25,16.36262283241768
2026-05-26,46.57054190765032
2026-05-27,52.23452673425644
2026-05-28,49.08786849725304
2026-05-29,45.94121026024964
2026-05-30,23.91460260122584
2026-05-31,15.103959537616321
