Price,Close,High,Low,Open,Volume
Ticker,^NDX,^NDX,^NDX,^NDX,^NDX
Date,,,,,
2022-01-03,16501.76953125,16504.140625,16306.6396484375,16395.509765625,4429960000
2022-01-04,16279.73046875,16513.869140625,16151.900390625,16513.869140625,5131110000
2022-01-05,15771.7802734375,16249.23046875,15763.83984375,16190.5498046875,5031850000
2022-01-06,15765.3603515625,15900.599609375,15608.5703125,15675.2197265625,4790820000
2022-01-07,15592.1904296875,15835.0,15526.7998046875,15774.1298828125,4238070000
2022-01-10,15614.4296875,15627.919921875,15165.5302734375,15383.1796875,5317180000
2022-01-11,15844.1201171875,15848.5595703125,15496.91015625,15582.7197265625,4390710000
2022-01-12,15905.099609375,16017.3896484375,15815.9501953125,15955.48046875,4338530000
2022-01-13,15495.6201171875,15990.3798828125,15468.08984375,15970.08984375,4302020000
2022-01-14,15611.58984375,15617.1796875,15396.4697265625,15396.4697265625,4374020000
2022-01-18,15210.759765625,15446.2998046875,15182.9599609375,15378.0595703125,5060790000
2022-01-19,15047.83984375,15382.0,15038.4404296875,15287.25,4665340000
2022-01-20,14846.4599609375,15347.6201171875,14832.6904296875,15176.3798828125,5102050000
2022-01-21,14438.400390625,14868.4501953125,14432.6396484375,14728.66015625,5870830000
2022-01-24,14509.580078125,14532.5703125,13724.849609375,14160.91015625,6998770000
2022-01-25,14149.1201171875,14410.4296875,14033.8095703125,14237.599609375,5019380000
2022-01-26,14172.759765625,14646.5400390625,14006.400390625,14492.51953125,5771140000
2022-01-27,14003.1103515625,14419.4501953125,13972.8798828125,14346.4599609375,5177380000
2022-01-28,14454.6103515625,14457.7802734375,13880.48046875,14091.3095703125,4971930000
2022-01-31,14930.0498046875,14934.51953125,14442.8798828125,14505.0703125,5124940000
2022-02-01,15019.6796875,15034.419921875,14749.490234375,14966.599609375,4671850000
2022-02-02,15139.740234375,15196.400390625,14960.849609375,15173.0302734375,4673140000
2022-02-03,14501.1103515625,14856.509765625,14471.2001953125,14693.849609375,4326300000
2022-02-04,14694.349609375,14832.0498046875,14452.2802734375,14566.2802734375,4121340000
2022-02-07,14571.25,14813.8603515625,14524.6298828125,14716.4296875,4268730000
2022-02-08,14747.0302734375,14785.2197265625,14485.7802734375,14533.25,4293770000
2022-02-09,15056.9599609375,15057.900390625,14870.3603515625,14930.990234375,4729730000
2022-02-10,14705.6396484375,15037.259765625,14636.6201171875,14770.6796875,5212510000
2022-02-11,14253.83984375,14769.6396484375,14194.5400390625,14739.4599609375,5237320000
2022-02-14,14268.58984375,14400.7802734375,14119.73046875,14233.400390625,4347350000
2022-02-15,14620.8203125,14624.5302734375,14444.4599609375,14482.1103515625,4416840000
2022-02-16,14603.6396484375,14647.7900390625,14399.2900390625,14514.83984375,4238560000
2022-02-17,14171.740234375,14497.4599609375,14155.4296875,14485.080078125,4278370000
2022-02-18,14009.5400390625,14225.7197265625,13918.759765625,14207.5498046875,4501940000
2022-02-22,13870.5302734375,14109.259765625,13720.919921875,13892.8095703125,4849170000
2022-02-23,13509.4296875,14035.9296875,13502.580078125,14016.9404296875,4639330000
2022-02-24,13974.669921875,13989.099609375,13065.4404296875,13065.4404296875,6180200000
2022-02-25,14189.16015625,14193.0,13850.2900390625,13973.900390625,4628720000
2022-02-28,14237.8095703125,14296.599609375,14009.3603515625,14058.6103515625,5928130000
2022-03-01,14005.990234375,14271.580078125,13906.919921875,14197.66015625,6131350000
2022-03-02,14243.6904296875,14292.7197265625,13962.6904296875,14075.1103515625,5246390000
2022-03-03,14035.2099609375,14342.5595703125,13965.1103515625,14339.7001953125,5092580000
2022-03-04,13837.830078125,13992.9697265625,13738.6103515625,13957.599609375,5343900000
2022-03-07,13319.3798828125,13879.099609375,13314.4404296875,13853.5302734375,6195370000
2022-03-08,13267.6103515625,13663.26953125,13129.400390625,13275.23046875,6683960000
2022-03-09,13742.2001953125,13793.1103515625,13504.48046875,13610.48046875,5396550000
2022-03-10,13591.0,13633.6904296875,13399.4599609375,13577.83984375,5071250000
2022-03-11,13301.830078125,13714.4404296875,13285.1904296875,13701.7998046875,5288210000
2022-03-14,13046.6396484375,13386.669921875,13020.400390625,13248.08984375,5876710000
2022-03-15,13458.5595703125,13488.1796875,13092.4501953125,13174.9697265625,5440100000
2022-03-16,13956.7900390625,13960.25,13475.08984375,13633.1201171875,6552210000
2022-03-17,14118.599609375,14125.669921875,13827.33984375,13878.990234375,5612090000
2022-03-18,14420.080078125,14427.4697265625,14014.4296875,14061.2900390625,8149290000
2022-03-21,14376.08984375,14470.6796875,14190.5302734375,14377.150390625,5673940000
2022-03-22,14654.330078125,14688.9697265625,14385.5498046875,14396.0302734375,5445100000
2022-03-23,14447.5498046875,14681.330078125,14446.0400390625,14525.2197265625,5024230000
2022-03-24,14765.6904296875,14767.73046875,14440.669921875,14529.7197265625,5149520000
2022-03-25,14754.3095703125,14805.8798828125,14577.58984375,14766.900390625,5585100000
2022-03-28,14987.400390625,14989.080078125,14705.919921875,14763.16015625,5129500000
2022-03-29,15239.3203125,15265.419921875,15039.6103515625,15142.9296875,6060890000
2022-03-30,15071.5498046875,15229.009765625,15010.33984375,15177.150390625,5479200000
2022-03-31,14838.490234375,15088.3798828125,14835.16015625,15074.23046875,5453890000
2022-04-01,14861.2099609375,14925.9296875,14723.830078125,14886.91015625,5002790000
2022-04-04,15159.580078125,15161.8896484375,14884.5703125,14903.3798828125,4630100000
2022-04-05,14820.6396484375,15120.669921875,14782.5703125,15109.26953125,4727710000
2022-04-06,14498.8896484375,14639.349609375,14395.400390625,14600.2998046875,5360420000
2022-04-07,14531.8095703125,14624.240234375,14315.6904296875,14469.5,4856090000
2022-04-08,14327.259765625,14490.1904296875,14307.6796875,14450.5302734375,4574080000
2022-04-11,13990.2099609375,14187.669921875,13979.1396484375,14149.599609375,4946680000
2022-04-12,13940.240234375,14264.740234375,13882.75,14175.66015625,4991720000
2022-04-13,14217.2900390625,14258.8095703125,13919.48046875,13939.6103515625,4909720000
2022-04-14,13893.2099609375,14235.3896484375,13884.8203125,14225.4697265625,4642240000
2022-04-18,13910.759765625,13997.9296875,13788.9599609375,13859.4697265625,4365230000
2022-04-19,14210.259765625,14236.509765625,13844.740234375,13882.75,4562840000
2022-04-20,13998.5302734375,14263.6103515625,13962.8603515625,14246.2001953125,4678930000
2022-04-21,13720.4501953125,14277.2099609375,13682.6796875,14174.919921875,5233110000
2022-04-22,13356.8701171875,13769.400390625,13342.7900390625,13714.6298828125,4475090000
2022-04-25,13533.2197265625,13541.76953125,13239.73046875,13275.41015625,4845160000
2022-04-26,13009.7099609375,13447.66015625,13009.650390625,13447.66015625,5168160000
2022-04-27,13003.3603515625,13241.9404296875,12936.41015625,13009.400390625,4810720000
2022-04-28,13456.0595703125,13542.5595703125,13038.169921875,13254.9599609375,5067150000
2022-04-29,12854.7998046875,13428.5302734375,12835.48046875,13274.9404296875,4733070000
2022-05-02,13075.849609375,13083.5703125,12716.6298828125,12864.830078125,4918240000
2022-05-03,13089.900390625,13178.740234375,12982.7001953125,13045.349609375,4547280000
2022-05-04,13535.7099609375,13556.669921875,12887.5302734375,13110.2998046875,5498050000
2022-05-05,12850.5498046875,13344.7900390625,12710.58984375,13344.7900390625,5308920000
2022-05-06,12693.5302734375,12926.580078125,12522.76953125,12776.8603515625,5324480000
2022-05-09,12187.7197265625,12542.3203125,12136.1904296875,12465.91015625,5939140000
2022-05-10,12345.8603515625,12537.8896484375,12173.4697265625,12496.83984375,6218260000
2022-05-11,11967.5595703125,12470.8896484375,11939.08984375,12240.2099609375,6152370000
2022-05-12,11945.5,12128.73046875,11692.1201171875,11790.1298828125,6679470000
2022-05-13,12387.400390625,12429.2802734375,12069.1298828125,12125.9296875,5894020000
2022-05-16,12243.580078125,12395.509765625,12196.2099609375,12297.0703125,4930250000
2022-05-17,12564.099609375,12572.990234375,12333.990234375,12496.6298828125,5093960000
2022-05-18,11928.3095703125,12389.9599609375,11887.0,12352.919921875,5064120000
2022-05-19,11875.6298828125,12066.849609375,11795.7900390625,11872.5595703125,5154410000
2022-05-20,11835.6201171875,12044.7001953125,11492.2900390625,12037.0302734375,5434370000
2022-05-23,12034.2802734375,12047.8095703125,11785.759765625,11867.080078125,4552200000
2022-05-24,11769.83984375,11842.8095703125,11576.1103515625,11807.7802734375,4724430000
2022-05-25,11943.9296875,12028.8896484375,11714.26953125,11732.4501953125,4519690000
2022-05-26,12276.7900390625,12337.73046875,11901.8701171875,11906.830078125,4672620000
2022-05-27,12681.419921875,12682.580078125,12405.2900390625,12421.7998046875,4793900000
2022-05-31,12642.099609375,12762.83984375,12482.3203125,12688.9501953125,6045500000
2022-06-01,12548.3603515625,12820.4697265625,12457.91015625,12750.3095703125,4719900000
2022-06-02,12892.8896484375,12897.6298828125,12447.76953125,12498.6298828125,4445840000
2022-06-03,12548.0302734375,12724.8095703125,12505.759765625,12650.3798828125,4130040000
2022-06-06,12599.6298828125,12804.4599609375,12534.580078125,12745.8896484375,4647010000
2022-06-07,12711.6796875,12737.2998046875,12413.5595703125,12456.490234375,4411240000
2022-06-08,12615.1298828125,12776.650390625,12578.5498046875,12682.8095703125,4708980000
2022-06-09,12269.7802734375,12666.41015625,12265.8603515625,12543.3701171875,5408460000
2022-06-10,11832.8203125,12082.6904296875,11825.349609375,12052.58984375,5152020000
2022-06-13,11288.3203125,11568.650390625,11254.1904296875,11472.1904296875,5937320000
2022-06-14,11311.6904296875,11418.2197265625,11205.919921875,11385.1796875,4819890000
2022-06-15,11593.76953125,11751.2900390625,11346.5400390625,11468.1298828125,5368500000
2022-06-16,11127.5703125,11311.0498046875,11037.2099609375,11286.8701171875,5696630000
2022-06-17,11265.990234375,11357.9697265625,11089.9296875,11172.650390625,7452830000
2022-06-21,11546.759765625,11638.4697265625,11446.98046875,11446.98046875,5226260000
2022-06-22,11527.7099609375,11708.080078125,11423.2001953125,11427.740234375,5238180000
2022-06-23,11697.6796875,11729.6201171875,11515.48046875,11622.08984375,5258200000
2022-06-24,12105.849609375,12112.8203125,11812.1796875,11826.9501953125,9468130000
2022-06-27,12008.240234375,12175.98046875,11965.669921875,12157.9296875,5047860000
2022-06-28,11637.76953125,12133.8701171875,11633.1298828125,12021.33984375,5433220000
2022-06-29,11658.259765625,11710.2099609375,11537.7197265625,11619.009765625,5650860000
2022-06-30,11503.7197265625,11650.9599609375,11322.8603515625,11532.3203125,5654520000
2022-07-01,11585.6796875,11592.849609375,11378.6298828125,11472.6298828125,4865730000
2022-07-05,11779.900390625,11781.740234375,11366.0703125,11419.33984375,5053570000
2022-07-06,11852.58984375,11941.3095703125,11727.3603515625,11807.080078125,4851170000
2022-07-07,12109.0498046875,12137.7099609375,11897.509765625,11913.73046875,4685050000
2022-07-08,12125.6904296875,12179.3203125,11956.0302734375,11977.9501953125,4526570000
2022-07-11,11860.2802734375,12026.0595703125,11830.8896484375,12008.759765625,4362910000
2022-07-12,11744.990234375,11990.4404296875,11684.01953125,11926.83984375,4317860000
2022-07-13,11728.5302734375,11819.6904296875,11498.9599609375,11523.91015625,4433060000
2022-07-14,11768.400390625,11801.1103515625,11488.26953125,11637.1796875,4481070000
2022-07-15,11983.6201171875,11987.51953125,11828.1298828125,11896.150390625,4369060000
2022-07-18,11877.5,12156.08984375,11836.51953125,12089.6796875,5057920000
2022-07-19,12249.419921875,12258.3701171875,11967.919921875,12046.6904296875,5302740000
2022-07-20,12439.6796875,12488.3896484375,12232.2001953125,12269.0703125,5467080000
2022-07-21,12619.41015625,12620.5,12351.419921875,12466.1298828125,4680930000
2022-07-22,12396.4697265625,12662.8603515625,12322.8203125,12575.759765625,4721880000
2022-07-25,12328.41015625,12415.58984375,12244.400390625,12391.2099609375,4346520000
2022-07-26,12086.900390625,12259.009765625,12051.2099609375,12248.2099609375,4349760000
2022-07-27,12601.4697265625,12660.76953125,12256.9404296875,12299.33984375,4588480000
2022-07-28,12717.8701171875,12741.830078125,12433.5498046875,12580.6103515625,4924950000
2022-07-29,12947.9697265625,12986.6396484375,12726.25,12784.2001953125,4907410000
2022-08-01,12940.7802734375,13084.6103515625,12833.16015625,12877.0400390625,4396390000
2022-08-02,12901.599609375,13073.26953125,12809.009765625,12853.0400390625,4792140000
2022-08-03,13253.259765625,13289.1904296875,12974.849609375,12983.580078125,5667990000
2022-08-04,13311.0400390625,13326.7197265625,13170.4404296875,13253.76953125,5451470000
2022-08-05,13207.6904296875,13286.01953125,13070.3603515625,13107.4501953125,4911300000
2022-08-08,13159.16015625,13394.5400390625,13103.7998046875,13227.08984375,5238600000
2022-08-09,13008.169921875,13095.7001953125,12945.599609375,13064.240234375,5307340000
2022-08-10,13378.3203125,13386.849609375,13220.0498046875,13330.66015625,5196210000
2022-08-11,13291.990234375,13555.3798828125,13271.349609375,13471.0302734375,5815960000
2022-08-12,13565.8701171875,13565.8701171875,13341.650390625,13384.650390625,4782610000
2022-08-15,13667.1796875,13685.650390625,13524.5302734375,13529.66015625,4476040000
2022-08-16,13635.2099609375,13720.91015625,13508.4697265625,13617.66015625,5028410000
2022-08-17,13470.8603515625,13591.580078125,13389.8203125,13499.240234375,5229520000
2022-08-18,13505.990234375,13553.2802734375,13405.740234375,13474.240234375,4724350000
2022-08-19,13242.900390625,13402.6103515625,13210.8203125,13370.25,4628170000
2022-08-22,12890.5400390625,13073.0703125,12859.8203125,13056.3896484375,4270980000
2022-08-23,12881.7900390625,13000.7099609375,12852.7001953125,12885.2802734375,3836180000
2022-08-24,12917.8603515625,12995.1396484375,12843.580078125,12876.23046875,3917170000
2022-08-25,13143.580078125,13146.83984375,12951.6103515625,12984.740234375,4323470000
2022-08-26,12605.169921875,13175.25,12603.41015625,13129.91015625,4530000000
2022-08-29,12484.3203125,12594.33984375,12440.400390625,12488.4599609375,4209850000
2022-08-30,12342.7001953125,12572.8798828125,12240.8203125,12562.400390625,4681520000
2022-08-31,12272.0302734375,12502.150390625,12268.080078125,12448.0703125,4952010000
2022-09-01,12274.6201171875,12290.330078125,12012.98046875,12158.8798828125,4792890000
2022-09-02,12098.4404296875,12451.2802734375,12035.5302734375,12392.4599609375,4257410000
2022-09-06,12011.3095703125,12152.419921875,11928.8095703125,12106.5703125,4622940000
2022-09-07,12259.3896484375,12298.1201171875,12026.98046875,12038.1796875,4445640000
2022-09-08,12321.1904296875,12374.1298828125,12120.259765625,12139.5703125,4329910000
2022-09-09,12588.2900390625,12610.4296875,12424.150390625,12424.150390625,4401590000
2022-09-12,12739.7197265625,12752.830078125,12639.759765625,12649.23046875,4146680000
2022-09-13,12033.6201171875,12420.009765625,12004.419921875,12364.830078125,5188380000
2022-09-14,12134.400390625,12170.25,12016.4296875,12092.0302734375,4861530000
2022-09-15,11927.490234375,12153.33984375,11867.8798828125,12034.4296875,4805910000
2022-09-16,11861.3798828125,11875.08984375,11710.259765625,11775.9404296875,7451840000
2022-09-19,11953.26953125,11956.7900390625,11752.4296875,11753.599609375,4168670000
2022-09-20,11851.5400390625,11951.1298828125,11761.6904296875,11855.83984375,4028100000
2022-09-21,11637.7900390625,12062.51953125,11636.25,11892.7197265625,4471000000
2022-09-22,11501.650390625,11617.990234375,11448.8603515625,11574.3203125,4916470000
2022-09-23,11311.240234375,11402.41015625,11169.66015625,11398.75,5134350000
2022-09-26,11254.1103515625,11473.3603515625,11235.740234375,11283.1396484375,4697730000
2022-09-27,11271.75,11502.3798828125,11175.2900390625,11411.33984375,4445050000
2022-09-28,11493.830078125,11546.8701171875,11210.8095703125,11258.740234375,4556100000
2022-09-29,11164.7802734375,11339.91015625,11038.9404296875,11334.5703125,4516630000
2022-09-30,10971.2197265625,11296.16015625,10966.9501953125,11123.1103515625,4649710000
2022-10-03,11229.73046875,11296.4296875,10985.009765625,11059.169921875,4415440000
2022-10-04,11582.5400390625,11609.25,11462.3701171875,11477.849609375,5004780000
2022-10-05,11573.1796875,11647.6201171875,11312.51953125,11429.4697265625,4091860000
2022-10-06,11485.5,11660.5498046875,11472.830078125,11556.400390625,4423320000
2022-10-07,11039.4697265625,11293.650390625,10991.66015625,11272.4599609375,4634190000
2022-10-10,10926.9697265625,11063.2099609375,10824.25,11048.509765625,3989640000
2022-10-11,10791.349609375,10981.91015625,10716.330078125,10865.3203125,4738840000
2022-10-12,10785.6201171875,10886.490234375,10754.849609375,10810.2998046875,4091030000
2022-10-13,11033.580078125,11087.66015625,10440.6396484375,10481.580078125,5300080000
2022-10-14,10692.0595703125,11152.8896484375,10677.48046875,11130.080078125,4393000000
2022-10-17,11062.5302734375,11090.8701171875,10959.740234375,10967.25,4439190000
2022-10-18,11147.740234375,11374.3798828125,11035.7998046875,11368.759765625,5047360000
2022-10-19,11103.3798828125,11231.4599609375,11008.1103515625,11081.8203125,4955090000
2022-10-20,11046.7099609375,11279.8095703125,11001.2802734375,11081.2197265625,4628010000
2022-10-21,11310.330078125,11327.76953125,10962.009765625,10998.169921875,4706440000
2022-10-24,11430.259765625,11468.1796875,11166.490234375,11321.1103515625,4808710000
2022-10-25,11669.990234375,11681.849609375,11480.41015625,11482.8701171875,5141760000
2022-10-26,11405.900390625,11657.0595703125,11388.33984375,11409.7900390625,5224440000
2022-10-27,11191.6298828125,11417.0400390625,11179.900390625,11387.7099609375,4773520000
2022-10-28,11546.2099609375,11563.16015625,11176.990234375,11176.990234375,4731940000
2022-10-31,11405.5703125,11482.990234375,11331.259765625,11465.2099609375,4753740000
2022-11-01,11288.9501953125,11574.3896484375,11278.2802734375,11571.5302734375,4677520000
2022-11-02,10906.33984375,11410.91015625,10903.48046875,11300.26953125,5436420000
2022-11-03,10690.599609375,10852.1796875,10680.830078125,10769.4296875,5102190000
2022-11-04,10857.0302734375,10934.6201171875,10632.3896484375,10911.98046875,5453750000
2022-11-07,10977.0,11001.16015625,10817.58984375,10900.830078125,4456690000
2022-11-08,11059.5,11191.900390625,10897.5302734375,11039.580078125,5134500000
2022-11-09,10797.5498046875,11012.66015625,10790.349609375,10971.4296875,4977460000
2022-11-10,11605.9599609375,11612.2001953125,11235.740234375,11350.419921875,6433000000
2022-11-11,11817.009765625,11840.0703125,11535.5595703125,11604.3603515625,5867750000
2022-11-14,11700.9404296875,11863.8203125,11669.099609375,11728.1103515625,5004060000
2022-11-15,11871.150390625,12024.9501953125,11735.400390625,12006.4501953125,5617310000
2022-11-16,11699.08984375,11796.990234375,11673.1396484375,11767.419921875,4585190000
2022-11-17,11676.8603515625,11737.6103515625,11519.3798828125,11521.6396484375,4354360000
2022-11-18,11677.01953125,11794.6796875,11579.6396484375,11791.849609375,4175420000
2022-11-21,11553.4501953125,11664.9404296875,11524.4404296875,11623.349609375,3977130000
2022-11-22,11724.83984375,11731.759765625,11503.33984375,11590.830078125,4186360000
2022-11-23,11838.7197265625,11866.419921875,11722.009765625,11725.080078125,4431530000
2022-11-25,11756.0302734375,11803.91015625,11748.7900390625,11777.330078125,2184080000
2022-11-28,11587.75,11764.830078125,11555.259765625,11684.0703125,4271360000
2022-11-29,11503.4501953125,11613.330078125,11450.33984375,11590.2998046875,4592830000
2022-11-30,12030.0595703125,12031.33984375,11481.8896484375,11505.740234375,6653460000
2022-12-01,12041.8896484375,12115.33984375,11928.66015625,12030.240234375,5158120000
2022-12-02,11994.259765625,12027.6201171875,11825.5302734375,11845.5302734375,4523010000
2022-12-05,11786.7998046875,11957.3603515625,11732.150390625,11899.5400390625,4510030000
2022-12-06,11549.6904296875,11790.9296875,11488.599609375,11775.2001953125,4713330000
2022-12-07,11497.3896484375,11577.6904296875,11431.9599609375,11490.990234375,4343860000
2022-12-08,11637.5,11672.1396484375,11470.6796875,11543.6796875,4281800000
2022-12-09,11563.330078125,11707.08984375,11550.3095703125,11594.3798828125,4337440000
2022-12-12,11706.4404296875,11707.7099609375,11529.41015625,11572.259765625,4829990000
2022-12-13,11834.2099609375,12166.41015625,11724.900390625,12141.240234375,6126890000
2022-12-14,11740.919921875,11941.2802734375,11617.41015625,11824.5400390625,5485150000
2022-12-15,11345.2197265625,11591.330078125,11300.349609375,11573.3798828125,5536070000
2022-12-16,11243.7197265625,11383.3896484375,11175.5400390625,11313.6396484375,7968170000
2022-12-19,11084.58984375,11251.5703125,11029.76953125,11243.0,4631820000
2022-12-20,11072.419921875,11143.6201171875,10967.0703125,11023.4697265625,4707190000
2022-12-21,11235.8798828125,11285.7802734375,11083.3603515625,11110.650390625,4401420000
2022-12-22,10956.1396484375,11114.23046875,10784.01953125,11099.3603515625,5125070000
2022-12-23,10985.4501953125,11007.08984375,10830.900390625,10911.0400390625,3544680000
2022-12-27,10822.509765625,10957.4404296875,10807.6103515625,10944.2998046875,3827290000
2022-12-28,10679.33984375,10898.6396484375,10671.1904296875,10807.1201171875,3842970000
2022-12-29,10951.0498046875,10981.0595703125,10776.6201171875,10800.7998046875,4154100000
2022-12-30,10939.759765625,10942.900390625,10778.6396484375,10835.58984375,3959030000
2023-01-03,10862.6396484375,11093.099609375,10770.9296875,11038.419921875,4780650000
2023-01-04,10914.7998046875,10981.4599609375,10785.5302734375,10949.33984375,5085380000
2023-01-05,10741.2197265625,10842.330078125,10728.259765625,10837.25,4764270000
2023-01-06,11040.349609375,11082.58984375,10696.419921875,10807.4599609375,5199780000
2023-01-09,11108.4501953125,11304.83984375,11085.3203125,11133.0703125,5132190000
2023-01-10,11205.7802734375,11207.5595703125,11050.6796875,11069.0498046875,4710680000
2023-01-11,11402.51953125,11403.8896484375,11220.75,11259.16015625,5284390000
2023-01-12,11459.6103515625,11500.8603515625,11246.01953125,11441.4501953125,5681240000
2023-01-13,11541.48046875,11547.9599609375,11347.599609375,11362.1298828125,5077990000
2023-01-17,11557.1904296875,11615.9501953125,11484.01953125,11531.5400390625,5138410000
2023-01-18,11410.2900390625,11690.26953125,11403.3095703125,11636.6103515625,5288630000
2023-01-19,11295.669921875,11388.4599609375,11251.9404296875,11345.1904296875,4660800000
2023-01-20,11619.0302734375,11623.2001953125,11329.5400390625,11363.849609375,5980110000
2023-01-23,11872.5400390625,11918.8603515625,11617.830078125,11652.0,5997810000
2023-01-24,11846.6396484375,11889.3701171875,11780.0703125,11802.9501953125,5670860000
2023-01-25,11814.6904296875,11841.8095703125,11550.0703125,11636.009765625,5485570000
2023-01-26,12051.48046875,12055.8095703125,11853.3701171875,11972.5703125,5732890000
2023-01-27,12166.599609375,12248.150390625,11999.8701171875,12000.2099609375,6243800000
2023-01-30,11912.3896484375,12087.6796875,11906.1103515625,12047.16015625,5122320000
2023-01-31,12101.9296875,12104.1298828125,11915.9404296875,11915.9404296875,5695150000
2023-02-01,12363.099609375,12458.8701171875,12010.73046875,12087.919921875,6336040000
2023-02-02,12803.1396484375,12880.98046875,12600.759765625,12655.1796875,7038210000
2023-02-03,12573.3603515625,12828.7099609375,12520.9501953125,12520.9501953125,5954490000
2023-02-06,12464.509765625,12558.8701171875,12411.8798828125,12468.7998046875,5538350000
2023-02-07,12728.26953125,12771.58984375,12419.7099609375,12474.9501953125,5720240000
2023-02-08,12495.3798828125,12709.4501953125,12471.1201171875,12680.0302734375,5052870000
2023-02-09,12381.169921875,12679.5400390625,12327.4404296875,12677.5400390625,5536290000
2023-02-10,12304.919921875,12375.7197265625,12204.2099609375,12306.58984375,4885030000
2023-02-13,12502.3095703125,12522.7802734375,12313.4501953125,12356.5,4752880000
2023-02-14,12590.8896484375,12627.400390625,12356.3203125,12413.099609375,5032430000
2023-02-15,12687.8896484375,12689.33984375,12486.419921875,12531.599609375,5056640000
2023-02-16,12442.48046875,12653.400390625,12440.0,12495.0703125,5159410000
2023-02-17,12358.1796875,12385.51953125,12233.7900390625,12352.2998046875,4925230000
2023-02-21,12060.2998046875,12257.0595703125,12058.23046875,12205.2099609375,5002540000
2023-02-22,12066.26953125,12156.2099609375,12006.0400390625,12085.669921875,4671270000
2023-02-23,12180.1396484375,12227.400390625,12003.3095703125,12224.4404296875,4714580000
2023-02-24,11969.650390625,12018.3203125,11900.83984375,11979.7998046875,4432650000
2023-02-27,12057.7900390625,12159.6396484375,12034.6103515625,12106.7900390625,4494000000
2023-02-28,12042.1201171875,12146.51953125,12021.3203125,12041.75,5340950000
2023-03-01,11938.5703125,12054.48046875,11906.580078125,12026.7197265625,4927530000
2023-03-02,12044.8701171875,12074.58984375,11830.08984375,11830.08984375,5313760000
2023-03-03,12290.8095703125,12300.4599609375,12095.240234375,12110.7099609375,5102210000
2023-03-06,12302.48046875,12466.8798828125,12297.5703125,12344.650390625,4982880000
2023-03-07,12152.169921875,12344.0400390625,12130.009765625,12303.1904296875,5422820000
2023-03-08,12215.330078125,12237.7197265625,12102.2802734375,12181.0595703125,5085970000
2023-03-09,11995.8798828125,12340.4501953125,11970.33984375,12230.83984375,5061790000
2023-03-10,11830.2802734375,12069.6201171875,11789.8603515625,12001.7001953125,6193500000
2023-03-13,11923.169921875,12073.9599609375,11695.41015625,11752.099609375,6201490000
2023-03-14,12199.7900390625,12217.8701171875,12035.2197265625,12078.4599609375,5533120000
2023-03-15,12251.3203125,12269.4501953125,12026.1796875,12083.240234375,5912430000
2023-03-16,12581.3896484375,12595.6904296875,12190.650390625,12211.8701171875,5498920000
2023-03-17,12519.8798828125,12674.33984375,12444.080078125,12570.16015625,7903090000
2023-03-20,12562.6103515625,12578.349609375,12407.8203125,12487.7900390625,4970630000
2023-03-21,12741.4404296875,12762.4501953125,12582.759765625,12643.349609375,4829870000
2023-03-22,12567.150390625,12943.6201171875,12563.7802734375,12742.41015625,4981590000
2023-03-23,12729.23046875,12900.099609375,12611.669921875,12735.599609375,4917460000
2023-03-24,12767.0498046875,12770.2802734375,12608.150390625,12700.509765625,4363650000
2023-03-27,12673.0703125,12839.419921875,12647.9404296875,12797.900390625,4330320000
2023-03-28,12610.5703125,12654.91015625,12517.8701171875,12654.91015625,4036910000
2023-03-29,12846.0302734375,12867.3203125,12734.6796875,12768.1396484375,4493540000
2023-03-30,12963.1396484375,12987.9697265625,12894.1396484375,12934.990234375,4738880000
2023-03-31,13181.349609375,13188.830078125,12968.0,12968.9599609375,5521150000
2023-04-03,13148.349609375,13157.4697265625,13036.5498046875,13084.099609375,4816440000
2023-04-04,13100.080078125,13204.080078125,13049.98046875,13165.3203125,4298760000
2023-04-05,12967.2001953125,13065.2802734375,12894.4404296875,13056.7900390625,4378590000
2023-04-06,13062.599609375,13078.099609375,12846.0302734375,12892.900390625,3862800000
2023-04-10,13051.23046875,13051.849609375,12861.51953125,12936.51953125,4334070000
2023-04-11,12964.150390625,13049.5595703125,12947.66015625,13040.490234375,4676960000
2023-04-12,12848.349609375,13071.98046875,12833.3095703125,13043.9697265625,4909770000
2023-04-13,13109.3896484375,13124.41015625,12920.01953125,12922.900390625,4942990000
2023-04-14,13079.51953125,13152.2802734375,12962.509765625,13044.6904296875,4655740000
2023-04-17,13087.7099609375,13105.6796875,12981.259765625,13053.259765625,4823180000
2023-04-18,13091.7900390625,13196.1796875,13044.2099609375,13180.3095703125,4851810000
2023-04-19,13088.7099609375,13128.25,12988.2001953125,12992.509765625,4972700000
2023-04-20,12985.98046875,13107.919921875,12933.7998046875,12962.2900390625,4590530000
2023-04-21,13000.76953125,13030.849609375,12899.6396484375,12970.3203125,4868050000
2023-04-24,12969.759765625,13044.2197265625,12883.76953125,12981.7099609375,4854050000
2023-04-25,12725.1103515625,12933.2802734375,12724.240234375,12905.08984375,4806020000
2023-04-26,12806.48046875,12929.6201171875,12783.419921875,12866.6396484375,5281970000
2023-04-27,13160.0302734375,13175.6201171875,12938.5,12963.2099609375,5253710000
2023-04-28,13245.990234375,13247.3896484375,13096.9404296875,13139.349609375,5331380000
2023-05-01,13231.4697265625,13287.4697265625,13186.400390625,13229.1103515625,5168430000
2023-05-02,13113.66015625,13241.5302734375,13046.7900390625,13225.48046875,5501410000
2023-05-03,13030.2099609375,13231.7099609375,13026.0400390625,13123.099609375,5782160000
2023-05-04,12982.48046875,13064.01953125,12938.4501953125,13014.0703125,4745780000
2023-05-05,13259.1298828125,13291.1103515625,13059.91015625,13070.7001953125,4574790000
2023-05-08,13291.6396484375,13302.4296875,13193.080078125,13247.08984375,4216360000
2023-05-09,13201.1103515625,13254.8095703125,13193.8798828125,13228.6396484375,4126780000
2023-05-10,13347.830078125,13384.419921875,13204.7900390625,13308.41015625,4948260000
2023-05-11,13389.7802734375,13411.7001953125,13306.080078125,13376.849609375,4489490000
2023-05-12,13340.1796875,13427.419921875,13256.5595703125,13407.01953125,4170000000
2023-05-15,13413.509765625,13419.8095703125,13297.849609375,13352.259765625,3979290000
2023-05-16,13426.009765625,13498.4404296875,13384.76953125,13385.3701171875,4067510000
2023-05-17,13589.259765625,13608.330078125,13419.349609375,13474.51953125,4501820000
2023-05-18,13834.6201171875,13844.759765625,13606.8095703125,13608.9501953125,4532890000
2023-05-19,13803.490234375,13874.419921875,13763.900390625,13842.6904296875,3935780000
2023-05-22,13849.740234375,13893.7099609375,13792.9697265625,13805.330078125,4278920000
2023-05-23,13672.5400390625,13827.099609375,13662.91015625,13773.6796875,4347440000
2023-05-24,13604.48046875,13655.73046875,13520.919921875,13589.01953125,4088270000
2023-05-25,13938.5302734375,13986.8701171875,13812.1796875,13920.8896484375,4651640000
2023-05-26,14298.41015625,14329.490234375,13982.16015625,13990.5498046875,4434070000
2023-05-30,14354.990234375,14520.169921875,14301.080078125,14465.58984375,4843470000
2023-05-31,14254.08984375,14375.3798828125,14216.16015625,14293.5595703125,5905760000
2023-06-01,14441.509765625,14493.3095703125,14219.9404296875,14269.08984375,4610310000
2023-06-02,14546.6396484375,14595.8095703125,14442.150390625,14517.080078125,4426760000
2023-06-05,14556.5,14662.9501953125,14516.8798828125,14550.1298828125,4344280000
2023-06-06,14558.08984375,14593.5,14476.990234375,14526.099609375,4810910000
2023-06-07,14303.2900390625,14647.91015625,14283.8798828125,14573.26953125,5270600000
2023-06-08,14484.5400390625,14503.3095703125,14314.6904296875,14319.240234375,4280160000
2023-06-09,14528.3603515625,14672.849609375,14487.48046875,14574.240234375,4412710000
2023-06-12,14784.2998046875,14789.599609375,14571.3603515625,14617.349609375,4722680000
2023-06-13,14900.849609375,14931.830078125,14770.1396484375,14911.259765625,5522100000
2023-06-14,15005.6904296875,15017.099609375,14784.6201171875,14894.099609375,5772550000
2023-06-15,15185.48046875,15246.6201171875,14930.1201171875,14949.7001953125,5667520000
2023-06-16,15083.919921875,15284.650390625,15073.4501953125,15272.650390625,8076530000
2023-06-20,15070.150390625,15127.419921875,14946.7197265625,15036.48046875,5237710000
2023-06-21,14867.4501953125,15038.900390625,14826.01953125,15019.009765625,5194640000
2023-06-22,15042.3203125,15044.2197265625,14794.9501953125,14797.8896484375,4499550000
2023-06-23,14891.48046875,14983.73046875,14821.8095703125,14879.23046875,7734500000
2023-06-26,14689.01953125,14982.8203125,14687.01953125,14866.66015625,4430600000
2023-06-27,14945.91015625,14972.3095703125,14726.75,14751.5703125,5053660000
2023-06-28,14964.5703125,15051.080078125,14865.8095703125,14876.25,4533270000
2023-06-29,14939.9501953125,14986.8896484375,14876.9404296875,14965.5498046875,4388140000
2023-06-30,15179.2099609375,15213.75,15081.5703125,15085.240234375,4661120000
2023-07-03,15208.6904296875,15232.9599609375,15153.599609375,15190.5400390625,2902300000
2023-07-05,15203.7802734375,15275.1796875,15162.66015625,15165.3603515625,5339340000
2023-07-06,15089.4501953125,15106.4501953125,14969.1396484375,15054.099609375,6113080000
2023-07-07,15036.849609375,15210.6298828125,15032.5595703125,15070.5,5098120000
2023-07-10,15045.6396484375,15066.4404296875,14924.6396484375,15031.9501953125,5275390000
2023-07-11,15119.0595703125,15135.2900390625,14974.16015625,15068.1298828125,4840950000
2023-07-12,15307.23046875,15364.08984375,15209.7099609375,15279.349609375,5230620000
2023-07-13,15571.98046875,15602.740234375,15420.7099609375,15432.48046875,5183560000
2023-07-14,15565.599609375,15720.0595703125,15531.0,15610.0,5366890000
2023-07-17,15713.2802734375,15745.669921875,15576.509765625,15608.2802734375,4593160000
2023-07-18,15841.349609375,15895.6796875,15607.7099609375,15671.7197265625,4824070000
2023-07-19,15826.349609375,15932.0498046875,15781.9599609375,15888.16015625,5112420000
2023-07-20,15466.08984375,15771.83984375,15429.8701171875,15717.669921875,5128020000
2023-07-21,15425.669921875,15600.5400390625,15410.5703125,15554.9501953125,5254180000
2023-07-24,15448.01953125,15504.669921875,15374.66015625,15475.150390625,4083070000
2023-07-25,15561.419921875,15622.6904296875,15482.0400390625,15483.0595703125,3812470000
2023-07-26,15499.259765625,15571.16015625,15411.91015625,15514.0400390625,4322000000
2023-07-27,15464.9296875,15795.509765625,15416.0498046875,15734.0302734375,5115840000
2023-07-28,15750.9296875,15788.48046875,15617.75,15630.169921875,4453520000
2023-07-31,15757.0,15803.5498046875,15702.740234375,15774.2998046875,4934440000
2023-08-01,15718.009765625,15748.4296875,15636.5703125,15696.98046875,4633770000
2023-08-02,15370.740234375,15561.3603515625,15321.4404296875,15561.150390625,5481960000
2023-08-03,15353.5400390625,15436.58984375,15270.7197265625,15287.76953125,6036970000
2023-08-04,15274.919921875,15523.3095703125,15258.6904296875,15420.740234375,5349450000
2023-08-07,15407.849609375,15410.849609375,15258.919921875,15355.6201171875,4892330000
2023-08-08,15273.0498046875,15295.7998046875,15148.25,15279.41015625,5284550000
2023-08-09,15101.7099609375,15288.759765625,15077.91015625,15286.990234375,5591360000
2023-08-10,15128.83984375,15366.2900390625,15072.490234375,15217.2900390625,5299080000
2023-08-11,15028.0703125,15102.5302734375,14973.669921875,15010.51953125,4638880000
2023-08-14,15205.58984375,15206.259765625,14972.009765625,14988.419921875,4272020000
2023-08-15,15037.650390625,15192.8798828125,15014.3603515625,15172.080078125,4473320000
2023-08-16,14876.4697265625,15077.0498046875,14874.01953125,15021.6298828125,6243760000
2023-08-17,14715.8095703125,14949.580078125,14698.2900390625,14943.33984375,5280180000
2023-08-18,14694.83984375,14744.5703125,14557.830078125,14589.7099609375,4801910000
2023-08-21,14936.6904296875,14958.8701171875,14739.3701171875,14762.009765625,4363070000
2023-08-22,14908.9599609375,15037.7900390625,14883.98046875,15035.0703125,4282430000
2023-08-23,15148.0595703125,15188.8603515625,14947.580078125,14947.580078125,4127850000
2023-08-24,14816.4404296875,15279.240234375,14814.830078125,15278.9296875,4383820000
2023-08-25,14941.830078125,15001.2900390625,14715.3603515625,14858.9296875,3970060000
2023-08-28,15052.4599609375,15086.23046875,14948.919921875,15035.48046875,3666680000
2023-08-29,15376.5498046875,15391.5595703125,15034.5400390625,15043.01953125,4748180000
2023-08-30,15462.4296875,15484.830078125,15341.9404296875,15386.669921875,4364600000
2023-08-31,15501.0703125,15575.009765625,15466.41015625,15475.4296875,4568610000
2023-09-01,15490.8603515625,15618.849609375,15429.3603515625,15600.9501953125,4033960000
2023-09-05,15508.240234375,15556.849609375,15419.9599609375,15460.51953125,4379790000
2023-09-06,15371.4404296875,15487.0,15289.48046875,15467.3203125,4215320000
2023-09-07,15258.51953125,15288.2001953125,15138.73046875,15174.2197265625,4320830000
2023-09-08,15280.23046875,15374.2197265625,15244.0595703125,15265.5703125,4160360000
2023-09-11,15461.8701171875,15482.83984375,15328.349609375,15409.76953125,4538870000
2023-09-12,15289.740234375,15447.849609375,15278.8798828125,15390.58984375,4595490000
2023-09-13,15348.5302734375,15414.6103515625,15256.599609375,15293.26953125,4840310000
2023-09-14,15473.8896484375,15512.8203125,15337.1796875,15433.009765625,4649010000
2023-09-15,15202.400390625,15435.4501953125,15173.7099609375,15425.9501953125,8162210000
2023-09-18,15225.3701171875,15268.9599609375,15155.4599609375,15161.169921875,4855880000
2023-09-19,15191.23046875,15219.919921875,15069.41015625,15152.5302734375,4453460000
2023-09-20,14969.919921875,15245.1904296875,14967.599609375,15225.33984375,4782440000
2023-09-21,14694.240234375,14849.25,14691.6904296875,14813.490234375,5014890000
2023-09-22,14701.099609375,14855.919921875,14686.83984375,14756.6201171875,4302700000
2023-09-25,14768.900390625,14771.1201171875,14615.4501953125,14662.6904296875,4100290000
2023-09-26,14545.830078125,14678.48046875,14505.6796875,14668.4501953125,4693540000
2023-09-27,14580.16015625,14657.2099609375,14432.599609375,14600.1396484375,4841410000
2023-09-28,14702.76953125,14787.580078125,14510.169921875,14530.9599609375,4648390000
2023-09-29,14715.240234375,14901.849609375,14664.7802734375,14853.349609375,5138500000
2023-10-02,14837.5703125,14892.1796875,14701.51953125,14717.900390625,4554700000
2023-10-03,14565.6201171875,14819.8701171875,14504.1396484375,14744.0498046875,4684310000
2023-10-04,14776.25,14803.0400390625,14592.5595703125,14613.23046875,4308070000
2023-10-05,14723.2197265625,14784.6904296875,14584.3896484375,14769.5498046875,4167470000
2023-10-06,14973.240234375,15021.3798828125,14575.9501953125,14622.23046875,4309420000
2023-10-09,15047.150390625,15070.6396484375,14816.3203125,14871.5703125,3835930000
2023-10-10,15131.51953125,15241.9404296875,15050.5400390625,15074.0400390625,4301350000
2023-10-11,15241.1201171875,15248.2197265625,15119.6201171875,15194.5302734375,4160440000
2023-10-12,15184.099609375,15333.98046875,15090.6904296875,15264.1103515625,4858620000
2023-10-13,14995.1201171875,15232.3701171875,14943.419921875,15225.73046875,4251550000
2023-10-16,15172.73046875,15209.5,15047.26953125,15054.48046875,4308690000
2023-10-17,15122.009765625,15187.0595703125,14932.76953125,15009.259765625,4417640000
2023-10-18,14909.259765625,15103.8701171875,14865.8095703125,15022.2802734375,4617140000
2023-10-19,14783.1298828125,15023.91015625,14749.2998046875,14981.1298828125,5014790000
2023-10-20,14560.8798828125,14781.2197265625,14552.1201171875,14752.58984375,4622840000
2023-10-23,14604.849609375,14746.3701171875,14419.0595703125,14514.1103515625,4669060000
2023-10-24,14745.8603515625,14774.16015625,14610.330078125,14678.41015625,4604720000
2023-10-25,14381.6396484375,14643.6904296875,14362.240234375,14642.080078125,4599850000
2023-10-26,14109.5703125,14372.509765625,14058.330078125,14314.009765625,4894900000
2023-10-27,14180.419921875,14321.0400390625,14130.3701171875,14245.75,4172100000
2023-10-30,14335.509765625,14388.2001953125,14225.8603515625,14283.98046875,4149320000
2023-10-31,14409.7802734375,14420.4404296875,14232.400390625,14340.8603515625,4315630000
2023-11-01,14664.91015625,14677.8603515625,14441.8896484375,14453.6796875,4545120000
2023-11-02,14919.5498046875,14930.759765625,14792.8095703125,14856.9501953125,4962950000
2023-11-03,15099.490234375,15149.7802734375,14965.2900390625,14985.1201171875,4918750000
2023-11-06,15154.9296875,15180.1904296875,15064.91015625,15137.16015625,4345850000
2023-11-07,15296.01953125,15335.4404296875,15153.3095703125,15201.76953125,4354460000
2023-11-08,15313.240234375,15343.1904296875,15220.8798828125,15313.900390625,4685550000
2023-11-09,15187.900390625,15382.1103515625,15171.3203125,15351.1201171875,5313970000
2023-11-10,15529.1201171875,15535.2001953125,15237.169921875,15252.3603515625,4722140000
2023-11-13,15482.7900390625,15524.66015625,15404.7099609375,15469.2099609375,4349590000
2023-11-14,15812.4697265625,15850.33984375,15726.1201171875,15744.3603515625,5332490000
2023-11-15,15817.1796875,15904.6298828125,15765.3095703125,15881.7197265625,5063830000
2023-11-16,15833.169921875,15842.6298828125,15738.2197265625,15765.2001953125,4545180000
2023-11-17,15837.990234375,15876.8701171875,15766.9404296875,15803.98046875,4408640000
2023-11-20,16027.0595703125,16056.759765625,15844.830078125,15845.2001953125,4561810000
2023-11-21,15933.6201171875,15968.08984375,15866.8203125,15951.5498046875,4128600000
2023-11-22,16001.3896484375,16119.3095703125,15964.0400390625,16025.740234375,3855240000
2023-11-24,15982.009765625,16007.4296875,15940.6201171875,15974.849609375,2541840000
2023-11-27,15961.98046875,16045.2998046875,15932.1904296875,15969.7197265625,4205880000
2023-11-28,16010.4296875,16031.51953125,15921.0703125,15940.2900390625,4474400000
2023-11-29,15987.599609375,16166.509765625,15976.6904296875,16111.3603515625,4890220000
2023-11-30,15947.8701171875,16013.48046875,15825.669921875,15987.66015625,5678070000
2023-12-01,15997.580078125,16013.75,15834.9296875,15892.58984375,5607000000
2023-12-04,15839.669921875,15852.4501953125,15695.580078125,15837.1201171875,6270020000
2023-12-05,15877.7099609375,15931.83984375,15760.58984375,15763.650390625,6179120000
2023-12-06,15788.0498046875,15990.9404296875,15776.9501953125,15990.2001953125,5167030000
2023-12-07,16022.490234375,16042.509765625,15875.48046875,15888.23046875,5694310000
2023-12-08,16084.6904296875,16100.8603515625,15937.580078125,15952.849609375,5430840000
2023-12-11,16221.73046875,16232.259765625,16061.8701171875,16069.6201171875,5607820000
2023-12-12,16354.25,16354.25,16175.4599609375,16209.6103515625,4950100000
2023-12-13,16562.369140625,16581.0390625,16357.2099609375,16392.1796875,6732040000
2023-12-14,16537.830078125,16660.7109375,16419.259765625,16603.5390625,8033170000
2023-12-15,16623.44921875,16669.76953125,16557.009765625,16587.0,8377630000
2023-12-18,16729.80078125,16764.3203125,16629.2890625,16631.109375,5866080000
2023-12-19,16811.849609375,16813.009765625,16733.380859375,16734.25,5757180000
2023-12-20,16554.16015625,16860.6796875,16552.060546875,16763.640625,6294700000
2023-12-21,16757.41015625,16768.01953125,16621.51953125,16719.609375,5465640000
2023-12-22,16777.400390625,16839.25,16703.5703125,16799.01953125,4796600000
2023-12-26,16878.4609375,16907.509765625,16813.5703125,16816.779296875,6120600000
2023-12-27,16906.80078125,16922.009765625,16859.55078125,16896.140625,7480170000
2023-12-28,16898.470703125,16969.169921875,16891.3203125,16963.51953125,5090570000
2023-12-29,16825.9296875,16919.509765625,16757.890625,16902.439453125,5441060000
2024-01-02,16543.939453125,16686.599609375,16453.150390625,16667.30078125,5791170000
2024-01-03,16368.490234375,16471.080078125,16352.1396484375,16413.259765625,5449950000
2024-01-04,16282.009765625,16419.439453125,16276.4296875,16290.7802734375,5289220000
2024-01-05,16305.98046875,16415.390625,16249.1904296875,16281.740234375,5232820000
2024-01-08,16649.869140625,16655.23046875,16349.3896484375,16354.2197265625,6337770000
2024-01-09,16678.69921875,16710.880859375,16513.73046875,16531.9609375,5068410000
2024-01-10,16793.05078125,16827.369140625,16654.740234375,16702.55078125,4404590000
2024-01-11,16820.900390625,16898.16015625,16618.859375,16852.189453125,5044690000
2024-01-12,16832.919921875,16900.369140625,16776.919921875,16855.0,4958940000
2024-01-16,16830.7109375,16895.330078125,16726.58984375,16775.099609375,6386180000
2024-01-17,16736.279296875,16749.109375,16561.490234375,16705.509765625,5181740000
2024-01-18,16982.2890625,16996.98046875,16818.130859375,16894.330078125,5587440000
2024-01-19,17314.0,17317.2109375,17041.849609375,17060.140625,5604950000
2024-01-22,17330.380859375,17450.30078125,17309.869140625,17403.619140625,5456240000
2024-01-23,17404.2109375,17410.859375,17286.01953125,17346.94921875,5207680000
2024-01-24,17499.30078125,17665.259765625,17481.970703125,17562.3203125,4983210000
2024-01-25,17516.990234375,17631.33984375,17430.369140625,17589.26953125,5281570000
2024-01-26,17421.009765625,17514.759765625,17395.5390625,17432.869140625,4510530000
2024-01-29,17596.26953125,17603.94921875,17414.619140625,17438.029296875,4979310000
2024-01-30,17476.7109375,17578.4609375,17443.76953125,17556.490234375,4719240000
2024-01-31,17137.240234375,17375.3203125,17128.740234375,17269.98046875,5875610000
2024-02-01,17344.7109375,17356.759765625,17175.830078125,17216.990234375,5046920000
2024-02-02,17642.73046875,17682.2890625,17378.369140625,17415.939453125,4800690000
2024-02-05,17613.0390625,17655.76953125,17469.619140625,17634.689453125,4831020000
2024-02-06,17572.73046875,17680.619140625,17475.4296875,17664.439453125,4759640000
2024-02-07,17755.0703125,17784.169921875,17637.73046875,17674.58984375,4567580000
2024-02-08,17783.169921875,17814.119140625,17728.55078125,17757.599609375,5675850000
2024-02-09,17962.41015625,17987.900390625,17798.810546875,17820.98046875,5797260000
2024-02-12,17882.66015625,18041.44921875,17859.66015625,17942.279296875,5458490000
2024-02-13,17600.419921875,17717.669921875,17478.23046875,17519.80078125,5599860000
2024-02-14,17807.630859375,17815.1796875,17619.919921875,17728.900390625,5092660000
2024-02-15,17845.720703125,17864.58984375,17722.310546875,17815.3203125,6049100000
2024-02-16,17685.98046875,17864.16015625,17663.400390625,17853.58984375,5223800000
2024-02-20,17546.099609375,17657.080078125,17399.41015625,17591.169921875,5595700000
2024-02-21,17478.91015625,17482.130859375,17319.439453125,17412.7890625,4845740000
2024-02-22,18004.69921875,18034.80078125,17808.259765625,17857.759765625,5653930000
2024-02-23,17937.609375,18091.619140625,17902.779296875,18052.58984375,5077910000
2024-02-26,17933.330078125,18014.109375,17926.66015625,17970.2109375,5417630000
2024-02-27,17971.05078125,17987.5390625,17871.060546875,17962.580078125,5423020000
2024-02-28,17874.5,17931.009765625,17840.359375,17895.029296875,5581690000
2024-02-29,18043.849609375,18068.51953125,17866.259765625,17991.669921875,6265340000
2024-03-01,18302.91015625,18333.259765625,18064.439453125,18069.2890625,5457910000
2024-03-04,18226.48046875,18313.4296875,18218.25,18290.099609375,5725470000
2024-03-05,17897.869140625,18097.5,17804.5,18088.7109375,6356800000
2024-03-06,18017.5703125,18142.880859375,17941.640625,18083.509765625,5511370000
2024-03-07,18297.990234375,18337.94921875,18101.4296875,18161.73046875,5072790000
2024-03-08,18018.44921875,18416.73046875,17995.380859375,18312.7890625,5411790000
2024-03-11,17951.689453125,18003.05078125,17873.330078125,17959.6796875,4917620000
2024-03-12,18219.109375,18228.369140625,17919.330078125,18063.01953125,5100330000
2024-03-13,18068.470703125,18163.740234375,18030.400390625,18151.759765625,4839000000
2024-03-14,18014.810546875,18142.900390625,17913.630859375,18114.689453125,5450980000
2024-03-15,17808.25,17930.470703125,17764.990234375,17926.919921875,8261950000
2024-03-18,17985.009765625,18124.3203125,17973.08984375,18024.240234375,5025040000
2024-03-19,18032.19921875,18039.8203125,17809.150390625,17902.51953125,4758740000
2024-03-20,18240.109375,18249.119140625,18003.240234375,18067.69921875,5298380000
2024-03-21,18320.380859375,18464.69921875,18317.099609375,18438.240234375,5134740000
2024-03-22,18339.439453125,18386.25,18267.490234375,18293.150390625,4339930000
2024-03-25,18277.060546875,18337.349609375,18189.279296875,18215.5390625,4636940000
2024-03-26,18210.5390625,18378.69921875,18207.880859375,18329.2890625,5144260000
2024-03-27,18280.83984375,18344.08984375,18168.19921875,18338.189453125,4768930000
2024-03-28,18254.689453125,18308.3203125,18231.380859375,18263.41015625,5174450000
2024-04-01,18293.19921875,18391.580078125,18211.279296875,18280.8203125,4798390000
2024-04-02,18121.779296875,18135.5703125,18002.26953125,18076.4296875,4710280000
2024-04-03,18160.189453125,18238.669921875,18045.419921875,18054.439453125,5151500000
2024-04-04,17878.779296875,18362.2890625,17875.75,18331.01953125,5368700000
2024-04-05,18108.4609375,18202.9609375,17912.859375,17940.279296875,4578130000
2024-04-08,18100.189453125,18178.66015625,18050.689453125,18130.439453125,4386700000
2024-04-09,18169.900390625,18210.01953125,17973.0703125,18188.869140625,4869190000
2024-04-10,18011.66015625,18040.830078125,17932.419921875,17957.9609375,5308250000
2024-04-11,18307.98046875,18337.150390625,17998.25,18085.109375,4714750000
2024-04-12,18003.490234375,18166.490234375,17952.08984375,18117.669921875,4552740000
2024-04-15,17706.830078125,18152.080078125,17676.349609375,18143.25,4910550000
2024-04-16,17713.66015625,17817.73046875,17660.890625,17691.44921875,5001860000
2024-04-17,17493.619140625,17788.5390625,17459.5703125,17785.8203125,4991470000
2024-04-18,17394.310546875,17590.810546875,17376.490234375,17514.76953125,4932540000
2024-04-19,17037.650390625,17362.279296875,16973.939453125,17334.7109375,5316010000
2024-04-22,17210.890625,17305.150390625,17010.25,17161.109375,4616730000
2024-04-23,17471.470703125,17513.310546875,17277.25,17297.240234375,4951670000
2024-04-24,17526.80078125,17653.66015625,17435.330078125,17613.66015625,4735870000
2024-04-25,17430.5,17474.4609375,17172.419921875,17205.279296875,4743640000
2024-04-26,17718.30078125,17772.779296875,17533.080078125,17566.220703125,4694400000
2024-04-29,17782.720703125,17820.0,17671.029296875,17801.140625,4972520000
2024-04-30,17440.689453125,17768.869140625,17440.689453125,17720.349609375,5229400000
2024-05-01,17318.55078125,17667.859375,17284.369140625,17382.779296875,5277790000
2024-05-02,17541.5390625,17575.80078125,17290.640625,17474.919921875,4901610000
2024-05-03,17890.80078125,17926.98046875,17784.779296875,17848.66015625,4887310000
2024-05-06,18093.5703125,18094.4609375,17937.279296875,17950.98046875,4460130000
2024-05-07,18091.44921875,18156.3203125,18061.609375,18106.330078125,5041870000
2024-05-08,18085.009765625,18135.33984375,17987.69921875,17987.69921875,4530190000
2024-05-09,18113.4609375,18138.01953125,18012.619140625,18095.80078125,4505120000
2024-05-10,18161.1796875,18247.609375,18099.73046875,18171.150390625,4402110000
2024-05-13,18198.609375,18233.5,18147.5703125,18228.400390625,4452750000
2024-05-14,18322.76953125,18339.580078125,18175.30078125,18187.509765625,7270240000
2024-05-15,18596.650390625,18607.529296875,18359.3203125,18412.810546875,8538990000
2024-05-16,18557.9609375,18669.5,18553.30078125,18589.98046875,11932600000
2024-05-17,18546.23046875,18590.369140625,18462.25,18571.8203125,9587280000
2024-05-20,18674.189453125,18703.830078125,18549.83984375,18559.220703125,6861320000
2024-05-21,18713.80078125,18721.1796875,18589.91015625,18603.990234375,6245090000
2024-05-22,18705.19921875,18756.689453125,18606.16015625,18733.5390625,7277340000
2024-05-23,18623.390625,18907.5390625,18554.890625,18907.140625,7752800000
2024-05-24,18808.349609375,18851.990234375,18664.7890625,18669.359375,5836040000
2024-05-28,18869.439453125,18875.19921875,18755.939453125,18855.150390625,6293380000
2024-05-29,18736.75,18814.8203125,18706.619140625,18708.0703125,6652480000
2024-05-30,18538.66015625,18705.259765625,18487.759765625,18683.25,6659290000
2024-05-31,18536.650390625,18574.560546875,18189.779296875,18550.80078125,6674090000
2024-06-03,18600.970703125,18707.220703125,18392.5703125,18666.720703125,5422040000
2024-06-04,18654.83984375,18697.94921875,18521.849609375,18598.0,4917350000
2024-06-05,19035.05078125,19035.869140625,18768.25,18791.279296875,5325000000
2024-06-06,19021.189453125,19071.7890625,18978.859375,19053.009765625,4960580000
2024-06-07,19000.94921875,19113.880859375,18958.6796875,18992.580078125,4755650000
2024-06-10,19074.669921875,19089.830078125,18940.7109375,18945.310546875,5207110000
2024-06-11,19210.1796875,19212.630859375,18966.560546875,19031.400390625,5009220000
2024-06-12,19465.1796875,19556.900390625,19347.279296875,19358.259765625,5560630000
2024-06-13,19576.919921875,19639.44921875,19473.7109375,19609.05078125,4916020000
2024-06-14,19659.80078125,19664.58984375,19534.619140625,19557.220703125,4973820000
2024-06-17,19902.75,19977.83984375,19623.7109375,19681.859375,6061200000
2024-06-18,19908.859375,19940.5,19837.859375,19904.4296875,5796180000
2024-06-20,19752.30078125,19979.9296875,19685.029296875,19962.970703125,6289300000
2024-06-21,19700.4296875,19801.970703125,19643.51953125,19722.369140625,8589160000
2024-06-24,19474.619140625,19723.19921875,19472.529296875,19648.23046875,5503210000
2024-06-25,19701.130859375,19712.419921875,19523.509765625,19555.83984375,4848280000
2024-06-26,19751.05078125,19763.55078125,19654.1796875,19671.0703125,5294310000
2024-06-27,19789.029296875,19850.810546875,19701.33984375,19740.51953125,5382060000
2024-06-28,19682.869140625,20017.7109375,19665.849609375,19817.0,8960940000
2024-07-01,19812.220703125,19827.75,19577.5390625,19720.109375,5189990000
2024-07-02,20011.890625,20014.919921875,19741.810546875,19746.220703125,4526550000
2024-07-03,20186.630859375,20186.630859375,19995.279296875,19995.279296875,3713960000
2024-07-05,20391.970703125,20407.0,20201.5,20224.130859375,4851000000
2024-07-08,20439.5390625,20455.380859375,20363.369140625,20393.890625,5286260000
2024-07-09,20453.01953125,20543.900390625,20395.5703125,20504.169921875,4839140000
2024-07-10,20675.380859375,20690.970703125,20479.939453125,20533.26953125,5228240000
2024-07-11,20211.359375,20672.099609375,20165.0,20661.41015625,6366620000
2024-07-12,20331.490234375,20526.080078125,20217.990234375,20226.23046875,5845930000
2024-07-15,20386.880859375,20585.169921875,20304.529296875,20401.01953125,5450350000
2024-07-16,20398.619140625,20477.0,20266.509765625,20441.529296875,5812930000
2024-07-17,19799.140625,20080.26953125,19793.75,20041.310546875,6007280000
2024-07-18,19705.08984375,19947.98046875,19575.7890625,19936.240234375,5977260000
2024-07-19,19522.619140625,19784.48046875,19479.380859375,19687.80078125,4992930000
2024-07-22,19822.869140625,19861.720703125,19638.369140625,19751.01953125,5093620000
2024-07-23,19754.33984375,19904.599609375,19736.220703125,19783.330078125,4938000000
2024-07-24,19032.390625,19482.55078125,19005.470703125,19475.66015625,6735560000
2024-07-25,18830.580078125,19227.19921875,18721.7109375,19041.150390625,6114350000
2024-07-26,19023.66015625,19142.6796875,18899.310546875,18990.19921875,5281560000
2024-07-29,19059.490234375,19224.58984375,18974.509765625,19122.4296875,4897230000
2024-07-30,18796.26953125,19165.419921875,18667.220703125,19129.560546875,5564310000
2024-07-31,19362.4296875,19426.619140625,19162.91015625,19222.849609375,6292560000
2024-08-01,18890.390625,19538.970703125,18737.08984375,19375.970703125,6664550000
2024-08-02,18440.849609375,18628.779296875,18263.5,18494.240234375,6313870000
2024-08-05,17895.16015625,18169.490234375,17435.390625,17444.400390625,6852190000
2024-08-06,18077.919921875,18368.6796875,17858.8203125,17961.44921875,5908930000
2024-08-07,17867.369140625,18445.75,17851.080078125,18345.44921875,5913620000
2024-08-08,18413.8203125,18445.41015625,17965.0703125,18102.05078125,5815880000
2024-08-09,18513.099609375,18567.630859375,18313.779296875,18373.890625,5783410000
2024-08-12,18542.029296875,18665.75,18433.609375,18548.23046875,4890850000
2024-08-13,19006.4296875,19013.009765625,18723.740234375,18724.83984375,5469160000
2024-08-14,19022.6796875,19103.0,18837.099609375,19043.759765625,4985480000
2024-08-15,19490.150390625,19502.919921875,19239.939453125,19251.859375,5478170000
2024-08-16,19508.51953125,19561.240234375,19376.720703125,19393.73046875,5138150000
2024-08-19,19766.490234375,19767.4296875,19445.099609375,19521.9296875,5564300000
2024-08-20,19719.8203125,19835.380859375,19652.1796875,19736.349609375,5305260000
2024-08-21,19824.83984375,19885.33984375,19690.640625,19758.470703125,4765150000
2024-08-22,19491.83984375,19938.890625,19459.859375,19911.279296875,5065360000
2024-08-23,19720.869140625,19818.400390625,19526.630859375,19669.779296875,5380810000
2024-08-26,19516.439453125,19726.900390625,19437.33984375,19679.240234375,5110940000
2024-08-27,19581.51953125,19617.919921875,19369.529296875,19450.5703125,4362380000
2024-08-28,19350.779296875,19587.0390625,19221.48046875,19567.44921875,5211920000
2024-08-29,19325.44921875,19622.73046875,19281.650390625,19425.279296875,5727780000
2024-08-30,19574.640625,19582.169921875,19326.619140625,19506.26953125,5531150000
2024-09-03,18958.740234375,19438.109375,18869.80078125,19438.109375,5813970000
2024-09-04,18921.400390625,19070.8203125,18808.759765625,18832.640625,5011820000
2024-09-05,18930.330078125,19102.359375,18806.830078125,18864.419921875,4983030000
2024-09-06,18421.310546875,18930.76953125,18400.970703125,18903.029296875,5549030000
2024-09-09,18660.779296875,18693.859375,18469.400390625,18579.80078125,5132150000
2024-09-10,18829.140625,18845.740234375,18570.669921875,18722.150390625,4963740000
2024-09-11,19237.30078125,19266.390625,18531.580078125,18866.0,6086930000
2024-09-12,19423.0703125,19456.41015625,19166.80078125,19236.419921875,4983120000
2024-09-13,19514.58984375,19556.80078125,19384.689453125,19396.099609375,4802880000
2024-09-16,19423.060546875,19446.060546875,19294.1796875,19412.7890625,4675530000
2024-09-17,19432.400390625,19596.33984375,19337.119140625,19539.75,4959520000
2024-09-18,19344.490234375,19643.509765625,19330.810546875,19478.509765625,5611630000
2024-09-19,19839.830078125,19951.7890625,19723.939453125,19798.7109375,5574650000
2024-09-20,19791.490234375,19845.69921875,19632.73046875,19816.2890625,9914480000
2024-09-23,19852.19921875,19892.779296875,19797.8203125,19848.7109375,5237310000
2024-09-24,19944.83984375,19984.470703125,19739.669921875,19917.560546875,5347580000
2024-09-25,19972.609375,20043.4296875,19921.220703125,19922.279296875,4858060000
2024-09-26,20115.5390625,20273.30078125,19966.990234375,20273.30078125,5669210000
2024-09-27,20008.619140625,20152.529296875,19964.130859375,20147.279296875,5367890000
2024-09-30,20060.689453125,20072.4296875,19852.849609375,19959.259765625,5846150000
2024-10-01,19773.30078125,20056.19921875,19622.2890625,20046.060546875,5879980000
2024-10-02,19802.58984375,19876.69921875,19630.91015625,19725.94921875,5489040000
2024-10-03,19793.33984375,19902.69921875,19688.220703125,19712.330078125,5208990000
2024-10-04,20035.01953125,20045.689453125,19829.490234375,20025.16015625,5136070000
2024-10-07,19800.740234375,19990.119140625,19763.0390625,19954.66015625,5240320000
2024-10-08,20107.779296875,20132.669921875,19881.080078125,19902.2109375,5566510000
2024-10-09,20268.859375,20284.419921875,20047.859375,20097.560546875,5228670000
2024-10-10,20241.759765625,20314.240234375,20117.19921875,20165.25,5855390000
2024-10-11,20271.970703125,20313.19921875,20142.1796875,20154.83984375,5140440000
2024-10-14,20439.05078125,20493.900390625,20355.060546875,20366.060546875,4894710000
2024-10-15,20159.830078125,20484.310546875,20083.560546875,20442.76953125,6522700000
2024-10-16,20174.05078125,20200.58984375,20036.73046875,20172.869140625,5257570000
2024-10-17,20190.419921875,20377.650390625,20186.4296875,20375.2890625,5806860000
2024-10-18,20324.0390625,20360.2890625,20273.55078125,20288.48046875,5090190000
2024-10-21,20361.470703125,20386.6796875,20193.029296875,20280.490234375,6092180000
2024-10-22,20390.4609375,20437.9296875,20218.849609375,20256.970703125,6407180000
2024-10-23,20066.9609375,20312.779296875,19934.919921875,20303.55078125,6245610000
2024-10-24,20232.869140625,20256.380859375,20116.880859375,20197.619140625,5761280000
2024-10-25,20352.01953125,20552.8203125,20322.25,20354.91015625,6100040000
2024-10-28,20351.0703125,20470.4296875,20344.8203125,20455.009765625,5641660000
2024-10-29,20550.650390625,20600.099609375,20294.580078125,20369.080078125,6881170000
2024-10-30,20387.69921875,20559.51953125,20378.75,20510.919921875,6514690000
2024-10-31,19890.419921875,20227.189453125,19880.259765625,20227.189453125,6411940000
2024-11-01,20033.140625,20162.5390625,19950.990234375,19955.830078125,5896470000
2024-11-04,19963.599609375,20106.990234375,19898.5703125,20011.55078125,5762320000
2024-11-05,20227.4609375,20249.2109375,20042.9296875,20042.9296875,7060340000
2024-11-06,20781.330078125,20807.029296875,20526.640625,20571.2890625,8138050000
2024-11-07,21101.5703125,21132.80078125,20896.41015625,20896.41015625,9232670000
2024-11-08,21117.1796875,21155.0,21050.3203125,21083.580078125,7316010000
2024-11-11,21106.58984375,21182.029296875,20993.48046875,21171.240234375,8087930000
2024-11-12,21070.7890625,21144.669921875,20946.740234375,21105.490234375,7816410000
2024-11-13,21036.16015625,21154.939453125,20955.240234375,21049.66015625,9623670000
2024-11-14,20896.669921875,21067.66015625,20864.01953125,21052.0703125,8680480000
2024-11-15,20394.130859375,20684.560546875,20315.080078125,20679.98046875,8002270000
2024-11-18,20539.189453125,20622.279296875,20401.259765625,20450.2109375,8455360000
2024-11-19,20684.58984375,20696.470703125,20423.30078125,20435.6796875,7246610000
2024-11-20,20667.099609375,20676.5703125,20402.5390625,20660.83984375,7121670000
2024-11-21,20740.779296875,20814.9296875,20436.80078125,20775.26953125,7492540000
2024-11-22,20776.23046875,20797.240234375,20655.720703125,20737.490234375,6575820000
2024-11-25,20804.890625,20998.490234375,20712.380859375,20918.759765625,7932980000
2024-11-26,20922.900390625,20944.900390625,20832.400390625,20871.55078125,6411770000
2024-11-27,20744.490234375,20853.080078125,20615.419921875,20852.4296875,5619090000
2024-11-29,20930.369140625,20956.310546875,20751.9609375,20771.01953125,4042550000
2024-12-02,21164.599609375,21201.029296875,20971.759765625,20971.759765625,6370530000
2024-12-03,21229.3203125,21235.7890625,21081.810546875,21106.509765625,6005160000
2024-12-04,21492.359375,21498.439453125,21340.83984375,21361.810546875,7870030000
2024-12-05,21425.220703125,21517.490234375,21411.529296875,21488.51953125,7229510000
2024-12-06,21622.25,21626.310546875,21449.619140625,21458.580078125,6787610000
2024-12-09,21440.8203125,21609.990234375,21400.76953125,21573.759765625,7884620000
2024-12-10,21368.1796875,21567.01953125,21313.26953125,21492.509765625,6843850000
2024-12-11,21763.98046875,21784.7109375,21533.890625,21540.380859375,6639720000
2024-12-12,21615.26953125,21715.830078125,21596.669921875,21652.849609375,7047550000
2024-12-13,21780.25,21886.740234375,21646.08984375,21789.650390625,6028250000
2024-12-16,22096.66015625,22133.220703125,21879.740234375,21891.359375,8855040000
2024-12-17,22001.080078125,22062.0,21921.2109375,22003.640625,9534350000
2024-12-18,21209.3203125,22038.080078125,21146.830078125,21979.529296875,9996120000
2024-12-19,21110.509765625,21413.740234375,21093.4609375,21358.7890625,8029590000
2024-12-20,21289.150390625,21540.3203125,20913.720703125,20939.640625,10962450000
2024-12-23,21503.169921875,21510.08984375,21224.26953125,21364.259765625,6820720000
2024-12-24,21797.650390625,21797.650390625,21558.970703125,21564.369140625,4739190000
2024-12-26,21768.310546875,21837.69921875,21645.619140625,21733.98046875,6467910000
2024-12-27,21473.01953125,21642.259765625,21292.189453125,21633.099609375,7765120000
2024-12-30,21197.08984375,21346.060546875,21046.630859375,21189.099609375,8384090000
2024-12-31,21012.169921875,21276.140625,20979.51953125,21256.01953125,8873030000
2025-01-02,20975.619140625,21236.58984375,20800.5,21120.05078125,8737550000
2025-01-03,21326.16015625,21359.630859375,21075.890625,21096.7890625,8214050000
2025-01-06,21559.5,21703.490234375,21462.51953125,21551.1796875,9586840000
2025-01-07,21173.0390625,21621.25,21101.08984375,21619.890625,13371130000
2025-01-08,21180.970703125,21242.609375,20992.080078125,21156.759765625,8851720000
2025-01-10,20847.580078125,21015.509765625,20718.779296875,21012.2890625,8608880000
2025-01-13,20784.720703125,20797.099609375,20538.330078125,20593.650390625,7830760000
2025-01-14,20757.41015625,20969.51953125,20622.720703125,20896.359375,7168110000
2025-01-15,21237.849609375,21286.009765625,21024.26953125,21067.810546875,7260250000
2025-01-16,21091.25,21330.58984375,21087.849609375,21324.98046875,7085990000
2025-01-17,21441.16015625,21515.759765625,21334.630859375,21461.900390625,7996360000
2025-01-21,21566.509765625,21620.23046875,21379.060546875,21557.8203125,8015780000
2025-01-22,21853.0,21943.0390625,21756.23046875,21756.23046875,7219060000
2025-01-23,21900.9296875,21900.9296875,21722.0390625,21737.240234375,6837700000
2025-01-24,21774.009765625,21945.48046875,21709.060546875,21915.48046875,7708150000
2025-01-27,21127.279296875,21292.5390625,20974.900390625,21000.169921875,8870200000
2025-01-28,21463.0390625,21500.73046875,21043.130859375,21186.080078125,7121740000
2025-01-29,21411.4609375,21477.880859375,21251.80078125,21473.009765625,6497710000
2025-01-30,21508.119140625,21623.44921875,21308.689453125,21519.810546875,6679500000
2025-01-31,21478.05078125,21846.009765625,21425.7890625,21661.560546875,7947370000
2025-02-03,21297.580078125,21406.580078125,21004.349609375,21084.640625,8272460000
2025-02-04,21566.919921875,21582.400390625,21308.240234375,21319.580078125,6477050000
2025-02-05,21658.16015625,21662.98046875,21408.640625,21453.869140625,6712220000
2025-02-06,21774.0703125,21776.080078125,21618.25,21674.169921875,6642100000
2025-02-07,21491.310546875,21869.3203125,21465.4609375,21776.279296875,7748940000
2025-02-10,21756.73046875,21793.130859375,21645.169921875,21670.060546875,9535440000
2025-02-11,21693.51953125,21776.25,21625.509765625,21629.109375,9269380000
2025-02-12,21719.259765625,21745.66015625,21454.189453125,21475.41015625,7946550000
2025-02-13,22030.7109375,22038.150390625,21758.0390625,21786.16015625,8414510000
2025-02-14,22114.689453125,22139.4296875,22010.349609375,22038.609375,7995720000
2025-02-18,22164.609375,22191.369140625,22029.580078125,22176.009765625,8683170000
2025-02-19,22175.599609375,22222.609375,22045.75,22121.73046875,8171530000
2025-02-20,22068.060546875,22148.439453125,21878.75,22132.7109375,7329270000
2025-02-21,21614.080078125,22115.2109375,21597.16015625,22110.5390625,8461020000
2025-02-24,21352.080078125,21727.580078125,21341.9609375,21669.359375,7414760000
2025-02-25,21087.25,21326.810546875,20930.580078125,21318.76953125,7991440000
2025-02-26,21132.919921875,21350.51953125,21012.619140625,21170.509765625,7034450000
2025-02-27,20550.94921875,21323.91015625,20540.6796875,21281.359375,7700290000
2025-02-28,20884.41015625,20900.76953125,20407.44921875,20518.650390625,8247520000
2025-03-03,20425.580078125,21073.80078125,20279.5,20989.580078125,8170140000
2025-03-04,20352.529296875,20688.4609375,20034.6796875,20281.880859375,8469180000
2025-03-05,20628.4609375,20688.720703125,20182.5703125,20363.220703125,7048430000
2025-03-06,20052.630859375,20473.41015625,19968.560546875,20231.740234375,7686200000
2025-03-07,20201.369140625,20253.220703125,19736.810546875,20015.619140625,8135420000
2025-03-10,19430.94921875,19867.080078125,19243.310546875,19826.9609375,8636040000
2025-03-11,19376.9609375,19659.4296875,19180.560546875,19405.51953125,9177320000
2025-03-12,19596.01953125,19756.08984375,19375.25,19663.390625,7746430000
2025-03-13,19225.48046875,19558.560546875,19152.5703125,19534.369140625,7147050000
2025-03-14,19704.640625,19729.2109375,19436.0390625,19458.890625,7093850000
2025-03-17,19812.240234375,19943.810546875,19622.470703125,19670.689453125,6306340000
2025-03-18,19483.359375,19676.05078125,19397.080078125,19657.099609375,6450530000
2025-03-19,19736.66015625,19921.619140625,19497.7890625,19576.3203125,6302310000
2025-03-20,19677.609375,19888.849609375,19549.310546875,19558.279296875,6098330000
2025-03-21,19753.970703125,19767.98046875,19409.1796875,19466.439453125,8837930000
2025-03-24,20180.44921875,20208.83984375,20024.970703125,20041.2109375,6787790000
2025-03-25,20287.830078125,20292.189453125,20164.0703125,20196.5,6475790000
2025-03-26,19916.990234375,20270.189453125,19848.490234375,20239.0390625,9091510000
2025-03-27,19798.619140625,20003.359375,19740.220703125,19814.609375,8002470000
2025-03-28,19281.400390625,19752.44921875,19241.5390625,19718.4609375,7015410000
2025-03-31,19278.44921875,19316.060546875,18799.19921875,18998.5390625,8122180000
2025-04-01,19436.419921875,19468.619140625,19095.169921875,19192.76953125,7756540000
2025-04-02,19581.779296875,19707.33984375,19157.19921875,19182.390625,9126630000
2025-04-03,18521.470703125,18902.0703125,18502.970703125,18774.150390625,9461330000
2025-04-04,17397.69921875,18089.25,17387.830078125,18022.16015625,11038180000
2025-04-07,17430.6796875,18191.5,16542.19921875,16771.76953125,12483580000
2025-04-08,17090.400390625,18207.009765625,16850.1796875,18034.4609375,10496650000
2025-04-09,19145.060546875,19234.01953125,17082.359375,17116.529296875,13479740000
2025-04-10,18343.5703125,18710.580078125,17794.5,18626.109375,11861670000
2025-04-11,18690.05078125,18728.94921875,18153.3203125,18309.2890625,9444890000
2025-04-14,18796.01953125,19115.150390625,18614.759765625,19095.490234375,9667260000
2025-04-15,18830.23046875,19004.169921875,18754.869140625,18831.98046875,7483050000
2025-04-16,18257.640625,18597.3203125,17995.9609375,18475.759765625,7909190000
2025-04-17,18258.08984375,18401.05078125,18144.4609375,18369.900390625,7046290000
2025-04-21,17808.30078125,18043.080078125,17592.919921875,18023.009765625,6678730000
2025-04-22,18276.41015625,18396.390625,17993.240234375,18033.900390625,6981900000
2025-04-23,18693.259765625,19043.009765625,18618.890625,18870.630859375,8564870000
2025-04-24,19214.400390625,19224.80078125,18744.470703125,18756.529296875,7607400000
2025-04-25,19432.560546875,19447.560546875,19133.23046875,19209.720703125,7412930000
2025-04-28,19427.2890625,19519.330078125,19162.4609375,19432.720703125,10313290000
2025-04-29,19544.94921875,19582.76953125,19304.830078125,19315.94921875,13001930000
2025-04-30,19571.01953125,19612.759765625,19011.98046875,19168.08984375,8595330000
2025-05-01,19786.7109375,20024.48046875,19763.140625,19866.830078125,8409690000
2025-05-02,20102.609375,20176.599609375,19936.669921875,19986.609375,8180190000
2025-05-05,19967.939453125,20100.609375,19899.279296875,19928.8203125,7075320000
2025-05-06,19791.349609375,19927.23046875,19659.3203125,19709.640625,6958220000
2025-05-07,19867.970703125,19960.859375,19605.0703125,19804.5,7977870000
2025-05-08,20063.560546875,20249.759765625,19907.669921875,20067.4296875,8500390000
2025-05-09,20061.44921875,20203.580078125,19984.529296875,20170.369140625,8835140000
2025-05-12,20868.150390625,20870.119140625,20613.26953125,20818.779296875,10717670000
2025-05-13,21197.69921875,21259.390625,20891.1796875,20906.919921875,9242230000
2025-05-14,21319.2109375,21336.48046875,21199.849609375,21254.470703125,11744820000
2025-05-15,21335.8203125,21443.880859375,21168.169921875,21206.73046875,10546350000
2025-05-16,21427.939453125,21428.7890625,21246.419921875,21375.630859375,10509820000
2025-05-19,21447.05078125,21464.560546875,21138.130859375,21138.130859375,13080030000
2025-05-20,21367.369140625,21399.990234375,21226.66015625,21347.630859375,9047100000
2025-05-21,21080.359375,21482.98046875,21002.099609375,21217.310546875,11112460000
2025-05-22,21112.470703125,21263.1796875,21046.220703125,21097.4609375,8289710000
2025-05-23,20915.66015625,21025.580078125,20777.970703125,20806.369140625,8730370000
2025-05-27,21414.990234375,21429.3203125,21145.130859375,21201.44921875,8927760000
2025-05-28,21318.169921875,21508.080078125,21296.509765625,21451.689453125,8087530000
2025-05-29,21363.94921875,21611.5390625,21260.73046875,21611.5390625,11016850000
2025-05-30,21340.990234375,21386.2890625,21032.560546875,21330.849609375,9042260000
2025-06-02,21491.75,21500.359375,21199.369140625,21270.5703125,7779940000
2025-06-03,21662.580078125,21715.9609375,21474.509765625,21529.98046875,7990230000
2025-06-04,21721.919921875,21761.369140625,21607.330078125,21689.01953125,7695660000
2025-06-05,21547.4296875,21891.890625,21472.76953125,21782.33984375,8782360000
2025-06-06,21761.7890625,21836.5703125,21696.689453125,21777.5,7291590000
2025-06-09,21797.869140625,21855.150390625,21729.30078125,21779.1796875,9538700000
2025-06-10,21941.919921875,21961.419921875,21727.33984375,21819.7890625,11221560000
2025-06-11,21860.80078125,22041.830078125,21775.26953125,21994.16015625,10214190000
2025-06-12,21913.3203125,21952.0,21807.0,21826.7890625,16308730000
2025-06-13,21631.0390625,21838.470703125,21591.109375,21675.939453125,9001850000
2025-06-16,21937.5703125,21979.76953125,21783.080078125,21783.080078125,9619130000
2025-06-17,21719.080078125,21896.419921875,21680.1796875,21858.890625,8519930000
2025-06-18,21719.689453125,21863.0,21660.51953125,21745.5,7818790000
2025-06-20,21626.390625,21902.990234375,21552.810546875,21834.490234375,9969140000
2025-06-23,21856.330078125,21871.869140625,21532.3203125,21632.779296875,9088000000
2025-06-24,22190.51953125,22220.640625,22045.630859375,22053.330078125,8330090000
2025-06-25,22237.740234375,22329.23046875,22175.080078125,22279.689453125,8256120000
2025-06-26,22447.2890625,22466.990234375,22255.26953125,22328.240234375,8383380000
2025-06-27,22534.19921875,22603.220703125,22382.7890625,22484.869140625,10951070000
2025-06-30,22679.009765625,22721.5,22565.109375,22632.919921875,8220420000
2025-07-01,22478.130859375,22631.259765625,22388.08984375,22594.48046875,8631710000
2025-07-02,22641.890625,22644.720703125,22448.0703125,22451.810546875,8378750000
2025-07-03,22866.970703125,22896.009765625,22736.080078125,22751.640625,6177910000
2025-07-07,22685.5703125,22776.2109375,22587.470703125,22754.380859375,8345710000
2025-07-08,22702.25,22761.80078125,22652.439453125,22735.259765625,8437480000
2025-07-09,22864.91015625,22915.330078125,22733.650390625,22800.359375,9978310000
2025-07-10,22829.259765625,22907.0390625,22716.41015625,22890.4296875,9781380000
2025-07-11,22780.599609375,22837.380859375,22692.80078125,22757.990234375,8135800000
2025-07-14,22855.630859375,22886.939453125,22675.279296875,22780.189453125,8010060000
2025-07-15,22884.58984375,23051.869140625,22876.470703125,23036.859375,8399060000
2025-07-16,22907.970703125,22928.55078125,22669.369140625,22895.30078125,9056640000
2025-07-17,23081.05078125,23104.720703125,22905.509765625,22931.01953125,9994550000
2025-07-18,23065.470703125,23153.2109375,23018.359375,23135.08984375,9354580000
2025-07-21,23180.060546875,23264.44921875,23122.9296875,23124.970703125,12046970000
2025-07-22,23063.580078125,23186.359375,22953.849609375,23182.01953125,10583710000
2025-07-23,23162.41015625,23168.490234375,23000.4609375,23100.25,10972770000
2025-07-24,23219.869140625,23268.490234375,23150.26953125,23228.7890625,12741070000
2025-07-25,23272.25,23326.30078125,23193.990234375,23204.66015625,11028310000
2025-07-28,23356.26953125,23386.759765625,23299.810546875,23343.130859375,10612580000
2025-07-29,23308.30078125,23510.919921875,23283.400390625,23477.83984375,10040610000
2025-07-30,23345.41015625,23447.150390625,23226.919921875,23337.330078125,9311770000
2025-07-31,23218.119140625,23589.369140625,23176.119140625,23589.369140625,9917220000
2025-08-01,22763.310546875,22972.470703125,22673.880859375,22941.060546875,9667420000
2025-08-04,23188.609375,23191.0390625,22973.599609375,22986.76953125,7355970000
2025-08-05,23018.560546875,23286.05078125,23008.140625,23235.310546875,7982940000
2025-08-06,23315.0390625,23330.490234375,23042.26953125,23070.94921875,8580020000
2025-08-07,23389.529296875,23560.73046875,23225.720703125,23483.419921875,8979190000
2025-08-08,23611.26953125,23619.240234375,23437.609375,23458.130859375,8669200000
2025-08-11,23526.630859375,23698.0,23484.25,23629.01953125,9099730000
2025-08-12,23839.19921875,23849.5,23524.279296875,23651.609375,8382820000
2025-08-13,23849.0390625,23969.279296875,23789.119140625,23935.060546875,8763080000
2025-08-14,23832.439453125,23908.259765625,23748.98046875,23775.009765625,9110860000
2025-08-15,23712.0703125,23813.990234375,23651.2109375,23809.0,8158830000
2025-08-18,23713.759765625,23733.5,23637.41015625,23692.130859375,8260970000
2025-08-19,23384.76953125,23695.640625,23346.33984375,23689.01953125,8461660000
2025-08-20,23249.5703125,23343.41015625,22959.69921875,23343.41015625,7810310000
2025-08-21,23142.580078125,23264.26953125,23046.390625,23182.759765625,6530580000
2025-08-22,23498.119140625,23575.359375,23140.0390625,23184.990234375,9401300000
2025-08-25,23425.609375,23546.44921875,23382.189453125,23454.279296875,8443200000
2025-08-26,23525.2890625,23532.509765625,23369.0390625,23420.849609375,9087930000
2025-08-27,23565.849609375,23591.05078125,23434.310546875,23499.669921875,8040510000
2025-08-28,23703.44921875,23741.23046875,23514.69921875,23601.349609375,7807080000
2025-08-29,23415.419921875,23607.5390625,23353.9609375,23607.5390625,7715430000
2025-09-02,23231.109375,23242.279296875,22977.880859375,23020.470703125,8183410000
2025-09-03,23414.83984375,23478.009765625,23279.119140625,23388.279296875,7488290000
2025-09-04,23633.009765625,23639.0390625,23371.330078125,23442.189453125,7282150000
2025-09-05,23652.439453125,23860.25,23475.330078125,23841.98046875,8413730000
2025-09-08,23762.30078125,23851.810546875,23725.0390625,23759.619140625,8435850000
2025-09-09,23839.80078125,23852.419921875,23698.0,23824.330078125,7877410000
2025-09-10,23849.26953125,23958.5390625,23760.099609375,23931.3203125,9090550000
2025-09-11,23992.560546875,24016.529296875,23883.009765625,23956.5703125,10025020000
2025-09-12,24092.189453125,24137.060546875,23983.630859375,24030.76953125,9023140000
2025-09-15,24293.779296875,24297.33984375,24173.140625,24178.599609375,8904030000
2025-09-16,24274.25,24343.349609375,24244.2109375,24342.75,8592240000
2025-09-17,24223.689453125,24292.060546875,23999.75,24286.4296875,9325980000
2025-09-18,24454.890625,24554.51953125,24347.5390625,24421.2109375,10478450000
2025-09-19,24626.25,24641.9296875,24469.279296875,24528.439453125,14632360000
2025-09-22,24761.0703125,24781.73046875,24578.08984375,24588.1796875,9736270000
2025-09-23,24580.169921875,24764.30078125,24536.5,24752.740234375,9822620000
2025-09-24,24503.5703125,24650.419921875,24388.58984375,24648.970703125,9184030000
2025-09-25,24397.310546875,24460.66015625,24186.369140625,24321.73046875,9960330000
2025-09-26,24503.849609375,24510.369140625,24297.69921875,24410.94921875,8488400000
2025-09-29,24611.349609375,24741.76953125,24560.220703125,24629.01953125,9046720000
2025-09-30,24679.990234375,24691.23046875,24505.140625,24597.400390625,8928070000
2025-10-01,24800.859375,24816.669921875,24517.759765625,24539.25,10043980000
2025-10-02,24892.759765625,24944.75,24780.109375,24933.490234375,9633200000
2025-10-03,24785.51953125,24958.259765625,24713.580078125,24931.419921875,10515730000
2025-10-06,24978.560546875,25044.259765625,24907.599609375,24986.259765625,10468830000
2025-10-07,24840.23046875,25062.9609375,24783.94921875,25031.779296875,10375920000
2025-10-08,25136.619140625,25142.189453125,24882.349609375,24887.3203125,10925520000
2025-10-09,25098.1796875,25139.349609375,24966.810546875,25124.7890625,10713200000
2025-10-10,24221.740234375,25195.279296875,24207.150390625,25116.830078125,10713200000
2025-10-13,24750.25,24779.650390625,24540.419921875,24625.740234375,9018770000
2025-10-14,24579.3203125,24766.369140625,24256.279296875,24442.9296875,9776720000
2025-10-15,24745.359375,24933.23046875,24496.0703125,24807.33984375,11374850000
2025-10-16,24657.240234375,24998.30078125,24481.169921875,24882.220703125,11343620000
2025-10-17,24817.94921875,24881.470703125,24511.58984375,24600.55078125,9552150000
2025-10-20,25141.01953125,25183.810546875,24988.669921875,24991.099609375,9440620000
2025-10-21,25127.130859375,25178.23046875,25043.060546875,25139.80078125,10845130000
2025-10-22,24879.009765625,25127.060546875,24652.109375,25093.640625,14361150000
2025-10-23,25097.41015625,25126.779296875,24856.33984375,24869.599609375,10363600000
2025-10-24,25358.16015625,25418.640625,25288.7109375,25307.75,10308620000
2025-10-27,25821.55078125,25839.029296875,25656.380859375,25701.94921875,10757830000
2025-10-28,26012.150390625,26087.48046875,25864.490234375,25932.640625,10640830000
2025-10-29,26119.849609375,26182.099609375,25907.44921875,26147.720703125,10089540000
2025-10-30,25734.810546875,26031.6796875,25732.390625,25953.779296875,10564160000
2025-10-31,25858.130859375,26063.490234375,25761.279296875,26055.970703125,10909250000
2025-11-03,25972.939453125,26132.869140625,25887.880859375,26114.109375,10360170000
2025-11-04,25435.69921875,25762.23046875,25415.619140625,25580.33984375,10227700000
2025-11-05,25620.029296875,25750.880859375,25364.900390625,25433.220703125,10026890000
2025-11-06,25130.0390625,25568.240234375,25083.240234375,25568.240234375,11085130000
2025-11-07,25059.810546875,25065.140625,24603.779296875,24977.73046875,10141910000
2025-11-10,25611.740234375,25655.509765625,25354.439453125,25418.169921875,9297320000
2025-11-11,25533.490234375,25588.259765625,25380.859375,25500.9296875,7756810000
2025-11-12,25517.330078125,25663.169921875,25389.73046875,25662.189453125,8449920000
2025-11-13,24993.4609375,25396.009765625,24908.599609375,25386.94921875,11351410000
2025-11-14,25008.240234375,25198.9296875,24534.900390625,24658.55078125,10841540000
2025-11-17,24799.919921875,25166.150390625,24649.359375,24890.099609375,9744800000
2025-11-18,24503.099609375,24735.119140625,24299.2890625,24651.779296875,8606260000
2025-11-19,24640.51953125,24904.66015625,24432.189453125,24517.26953125,8434200000
2025-11-20,24054.380859375,25222.94921875,24021.439453125,25131.490234375,10548620000
2025-11-21,24239.5703125,24521.83984375,23854.029296875,24137.66015625,9931240000
2025-11-24,24873.849609375,24923.58984375,24455.650390625,24462.869140625,9232160000
2025-11-25,25018.359375,25069.5390625,24542.7109375,24790.0703125,8498500000
2025-11-26,25236.939453125,25309.150390625,25077.859375,25168.310546875,7291400000
2025-11-28,25434.890625,25435.76953125,25280.9609375,25310.279296875,4541070000
2025-12-01,25342.849609375,25443.2109375,25158.630859375,25232.75,7859560000
2025-12-02,25555.859375,25622.580078125,25369.359375,25449.869140625,7588580000
2025-12-03,25606.5390625,25639.990234375,25388.439453125,25443.7109375,7962730000
2025-12-04,25581.69921875,25658.26953125,25450.380859375,25658.140625,7456860000
2025-12-05,25692.05078125,25827.080078125,25617.349609375,25657.779296875,8248280000
2025-12-08,25627.94921875,25828.16015625,25531.75,25758.8203125,8533670000
2025-12-09,25668.689453125,25698.259765625,25532.33984375,25593.669921875,7192600000
2025-12-10,25776.439453125,25835.029296875,25504.30078125,25631.58984375,7987900000
2025-12-11,25686.689453125,25696.2890625,25372.1796875,25598.390625,8337770000
2025-12-12,25196.73046875,25605.880859375,25104.6796875,25531.55078125,8724070000
2025-12-15,25067.26953125,25377.619140625,25022.810546875,25352.869140625,8649240000
2025-12-16,25132.939453125,25188.759765625,24922.939453125,24991.490234375,7759960000
2025-12-17,24647.609375,25193.41015625,24647.609375,25167.859375,8616140000
2025-12-18,25019.369140625,25164.1796875,24921.44921875,25031.490234375,7977920000
2025-12-19,25346.1796875,25354.8203125,25134.259765625,25147.30078125,12874560000
2025-12-22,25461.69921875,25554.029296875,25401.58984375,25527.6796875,7244910000
2025-12-23,25587.830078125,25590.029296875,25403.259765625,25441.419921875,7518190000
2025-12-24,25656.150390625,25665.279296875,25556.849609375,25582.33984375,3885190000
2025-12-26,25644.390625,25716.7109375,25620.3203125,25692.6796875,5170300000
2025-12-29,25525.560546875,25598.140625,25440.970703125,25462.25,6527530000
2025-12-30,25462.560546875,25577.580078125,25456.9296875,25509.880859375,6769300000
2025-12-31,25249.849609375,25483.76953125,25244.859375,25464.7109375,5895130000
2026-01-02,25206.169921875,25597.650390625,25086.359375,25524.26953125,7331460000
2026-01-05,25401.3203125,25520.51953125,25354.66015625,25471.7890625,8737320000
2026-01-06,25639.7109375,25655.119140625,25428.080078125,25462.060546875,9012640000
2026-01-07,25653.900390625,25813.169921875,25592.400390625,25617.80078125,8396920000
2026-01-08,25507.099609375,25622.310546875,25400.16015625,25615.349609375,7723140000
2026-01-09,25766.259765625,25811.44921875,25455.970703125,25518.8203125,8124420000
2026-01-12,25787.66015625,25850.859375,25602.560546875,25616.810546875,8707170000
2026-01-13,25741.94921875,25873.1796875,25642.109375,25779.279296875,9416400000
2026-01-14,25465.939453125,25624.189453125,25266.19921875,25575.5703125,12165220000
2026-01-15,25547.0703125,25781.029296875,25520.19921875,25767.30078125,9740630000
2026-01-16,25529.259765625,25735.48046875,25444.279296875,25710.599609375,9514500000
2026-01-20,24987.5703125,25279.779296875,24954.1796875,25155.029296875,9469480000
2026-01-21,25326.580078125,25498.810546875,24993.98046875,25048.55078125,9162740000
2026-01-22,25518.349609375,25576.51953125,25399.490234375,25548.380859375,9034850000
2026-01-23,25605.470703125,25709.740234375,25435.01953125,25501.91015625,8228760000
2026-01-26,25713.2109375,25797.099609375,25578.76953125,25631.009765625,7505250000
2026-01-27,25939.740234375,25982.58984375,25791.75,25852.0390625,8026050000
2026-01-28,26022.7890625,26165.080078125,25974.66015625,26121.740234375,8151580000
2026-01-29,25884.30078125,26046.33984375,25418.5390625,26030.080078125,8782210000
2026-01-30,25552.390625,25823.2890625,25456.1796875,25740.189453125,9255930000
2026-02-02,25738.609375,25833.119140625,25478.5,25491.640625,8882530000
2026-02-03,25338.619140625,25840.0390625,25112.4609375,25811.05078125,10306320000
2026-02-04,24891.240234375,25275.259765625,24681.26953125,25240.380859375,10862000000
2026-02-05,24548.689453125,24854.560546875,24455.400390625,24614.859375,10109230000
2026-02-06,25075.76953125,25131.33984375,24622.330078125,24655.25,9054400000
2026-02-09,25268.140625,25337.5390625,24876.279296875,24953.6796875,8174050000
2026-02-10,25127.640625,25363.119140625,25113.4296875,25314.23046875,8513440000
2026-02-11,25201.259765625,25382.83984375,24980.2890625,25335.91015625,9927010000
2026-02-12,24687.609375,25310.560546875,24643.73046875,25261.330078125,8855290000
2026-02-13,24732.73046875,24921.470703125,24514.9609375,24662.94921875,7964830000
2026-02-17,24701.599609375,24818.30078125,24387.470703125,24567.5390625,7654300000
2026-02-18,24898.869140625,25057.2109375,24696.830078125,24744.880859375,7705590000
2026-02-19,24797.33984375,24890.119140625,24690.869140625,24771.650390625,6984780000
2026-02-20,25012.619140625,25077.560546875,24633.599609375,24637.3203125,8063070000
2026-02-23,24708.939453125,24984.8203125,24618.23046875,24935.51953125,8263920000
2026-02-24,24977.0390625,25022.919921875,24643.689453125,24763.83984375,7932270000
2026-02-25,25329.0390625,25343.970703125,25137.619140625,25137.720703125,8427450000
2026-02-26,25034.369140625,25288.23046875,24820.55078125,25278.25,9033470000
2026-02-27,24960.0390625,24987.9609375,24747.25,24808.0,9552610000
2026-03-02,24992.599609375,25059.169921875,24575.5390625,24599.41015625,8303030000
2026-03-03,24720.080078125,24810.25,24315.83984375,24497.380859375,9705500000
2026-03-04,25093.6796875,25179.359375,24795.529296875,24850.939453125,10918410000
2026-03-05,25020.41015625,25174.310546875,24744.560546875,24992.73046875,10994660000
2026-03-06,24643.01953125,24886.69921875,24579.859375,24663.740234375,9300220000
2026-03-09,24967.25,25019.16015625,24289.220703125,24429.669921875,9797740000
2026-03-10,24956.470703125,25189.169921875,24871.439453125,25002.609375,8800580000
2026-03-11,24965.009765625,25152.119140625,24856.599609375,25053.240234375,8348570000
2026-03-12,24533.580078125,24809.26953125,24522.240234375,24771.3203125,8490850000
2026-03-13,24380.73046875,24786.650390625,24336.529296875,24660.189453125,8278740000
2026-03-16,24655.33984375,24794.2890625,24606.4609375,24646.1796875,8208800000
2026-03-17,24780.419921875,24884.6796875,24721.560546875,24760.26953125,8505210000
2026-03-18,24425.08984375,24763.580078125,24417.380859375,24727.0703125,9325170000
2026-03-19,24355.279296875,24462.150390625,24100.880859375,24119.369140625,8547870000
2026-03-20,23898.150390625,24267.33984375,23759.970703125,24257.560546875,11743490000
2026-03-23,24188.58984375,24465.16015625,24097.6796875,24270.76953125,8895880000
2026-03-24,24002.44921875,24170.830078125,23927.689453125,24042.23046875,8488380000
2026-03-25,24162.98046875,24314.25,24081.380859375,24236.400390625,8056920000
2026-03-26,23586.990234375,24029.509765625,23574.720703125,23913.189453125,7726590000
2026-03-27,23132.76953125,23472.890625,23088.990234375,23463.740234375,8713310000
2026-03-30,22953.380859375,23356.75,22841.419921875,23307.75,9234380000
2026-03-31,23740.189453125,23789.599609375,23198.640625,23208.0,10645070000
2026-04-01,24019.990234375,24162.6796875,23871.609375,23883.2890625,8801740000
2026-04-02,24045.529296875,24076.349609375,23512.599609375,23621.73046875,8134780000
2026-04-06,24192.169921875,24265.140625,24039.029296875,24143.01953125,7907270000
2026-04-07,24202.369140625,24209.279296875,23779.849609375,24109.5703125,10796020000
2026-04-08,24903.169921875,25045.359375,24756.9296875,25045.359375,10411670000
2026-04-09,25082.08984375,25097.44921875,24788.919921875,24918.279296875,8662470000
2026-04-10,25116.33984375,25226.060546875,25057.650390625,25165.060546875,8700640000
2026-04-13,25383.720703125,25387.689453125,24999.19921875,25069.0703125,7925320000
2026-04-14,25842.0,25842.0,25514.55078125,25514.55078125,9105660000
2026-04-15,26204.580078125,26214.5703125,25828.759765625,25859.189453125,10206480000
2026-04-16,26333.0,26400.51953125,26113.650390625,26256.880859375,9963610000
2026-04-17,26672.4296875,26719.560546875,26481.240234375,26551.16015625,10159120000
2026-04-20,26590.33984375,26670.119140625,26412.51953125,26662.3203125,8379940000
2026-04-21,26479.470703125,26730.640625,26405.30078125,26658.849609375,9309940000
2026-04-22,26937.279296875,26942.130859375,26662.880859375,26715.919921875,8080930000
2026-04-23,26782.630859375,27007.869140625,26540.3203125,26844.609375,7956600000
2026-04-24,27303.669921875,27314.2109375,26986.390625,27082.419921875,10203070000
2026-04-27,27305.6796875,27315.23046875,27158.880859375,27278.279296875,8126500000
2026-04-28,27029.009765625,27115.76953125,26877.58984375,26988.76953125,7441950000
2026-04-29,27186.98046875,27199.720703125,26995.380859375,27069.359375,8147470000
2026-04-30,27452.119140625,27488.029296875,27029.41015625,27328.98046875,8139190000
2026-05-01,27710.359375,27787.119140625,27501.4296875,27508.5703125,7534290000
2026-05-04,27651.8203125,27822.369140625,27504.08984375,27731.33984375,7849180000
2026-05-05,28015.060546875,28065.630859375,27844.23046875,27895.05078125,8090030000
2026-05-06,28599.169921875,28608.6796875,28208.23046875,28234.01953125,8864150000
2026-05-07,28563.94921875,28825.51953125,28440.05078125,28612.5390625,9118880000
2026-05-08,29234.990234375,29234.990234375,28751.2109375,28768.119140625,9577150000
2026-05-11,29320.66015625,29372.4296875,29143.19921875,29185.830078125,11989910000
2026-05-12,29064.80078125,29188.0703125,28628.640625,29067.359375,9631840000
2026-05-13,29366.939453125,29452.259765625,28968.55078125,29159.94921875,9734720000
2026-05-14,29580.30078125,29678.890625,29350.099609375,29372.650390625,9860060000
2026-05-15,29125.19921875,29387.439453125,28991.419921875,29191.359375,9584430000
2026-05-18,28994.369140625,29250.150390625,28717.5703125,29246.19921875,10327940000
2026-05-19,28818.83984375,29031.919921875,28567.16015625,28795.01953125,9895620000
2026-05-20,29297.69921875,29301.279296875,28919.439453125,29006.5703125,9268370000
2026-05-21,29357.26953125,29463.490234375,29040.0390625,29150.130859375,8627780000
2026-05-22,29481.640625,29663.890625,29423.630859375,29476.2890625,9265090000
2026-05-26,30001.3203125,30044.490234375,29753.08984375,29854.580078125,9718120000
2026-05-27,29973.5703125,30099.7890625,29808.890625,30081.279296875,9240640000
2026-05-28,30223.890625,30263.189453125,29848.759765625,30030.630859375,9224620000
2026-05-29,30333.1796875,30470.029296875,30210.009765625,30333.859375,11906000000
