Time,sydney_sweeney
2022-01-01,3.0
2022-01-02,4.0
2022-01-03,3.0
2022-01-04,6.0
2022-01-05,4.0
2022-01-06,5.0
2022-01-07,8.0
2022-01-08,8.0
2022-01-09,10.0
2022-01-10,27.0
2022-01-11,34.0
2022-01-12,26.0
2022-01-13,25.0
2022-01-14,15.0
2022-01-15,24.0
2022-01-16,20.0
2022-01-17,37.0
2022-01-18,29.0
2022-01-19,26.0
2022-01-20,19.0
2022-01-21,18.0
2022-01-22,16.0
2022-01-23,17.0
2022-01-24,25.0
2022-01-25,19.0
2022-01-26,38.0
2022-01-27,49.0
2022-01-28,35.0
2022-01-29,24.0
2022-01-30,24.0
2022-01-31,33.0
2022-02-01,31.0
2022-02-02,22.0
2022-02-03,21.0
2022-02-04,18.0
2022-02-05,19.0
2022-02-06,18.0
2022-02-07,29.0
2022-02-08,31.0
2022-02-09,27.0
2022-02-10,17.0
2022-02-11,21.0
2022-02-12,23.0
2022-02-13,23.0
2022-02-14,21.0
2022-02-15,24.0
2022-02-16,33.0
2022-02-17,31.0
2022-02-18,20.0
2022-02-19,18.0
2022-02-20,19.0
2022-02-21,29.0
2022-02-22,27.0
2022-02-23,23.0
2022-02-24,19.0
2022-02-25,17.0
2022-02-26,17.0
2022-02-27,17.0
2022-02-28,27.0
2022-03-01,30.0
2022-03-02,49.0
2022-03-03,41.0
2022-03-04,26.0
2022-03-05,21.0
2022-03-06,19.0
2022-03-07,17.0
2022-03-08,16.0
2022-03-09,15.0
2022-03-10,15.0
2022-03-11,12.0
2022-03-12,12.0
2022-03-13,11.0
2022-03-14,10.0
2022-03-15,11.0
2022-03-16,16.0
2022-03-17,17.0
2022-03-18,12.0
2022-03-19,11.0
2022-03-20,9.0
2022-03-21,7.0
2022-03-22,9.0
2022-03-23,7.0
2022-03-24,7.0
2022-03-25,6.0
2022-03-26,7.0
2022-03-27,7.0
2022-03-28,9.0
2022-03-29,9.0
2022-03-30,8.0
2022-03-31,16.0
2022-04-01,32.0
2022-04-02,20.0
2022-04-03,16.0
2022-04-04,12.0
2022-04-05,10.0
2022-04-06,12.0
2022-04-07,10.0
2022-04-08,8.0
2022-04-09,7.0
2022-04-10,8.0
2022-04-11,7.0
2022-04-12,5.0
2022-04-13,5.0
2022-04-14,7.0
2022-04-15,8.0
2022-04-16,8.0
2022-04-17,8.0
2022-04-18,7.0
2022-04-19,6.0
2022-04-20,6.0
2022-04-21,6.0
2022-04-22,6.0
2022-04-23,6.0
2022-04-24,6.0
2022-04-25,5.0
2022-04-26,5.0
2022-04-27,5.0
2022-04-28,5.0
2022-04-29,5.0
2022-04-30,5.0
2022-05-01,5.0
2022-05-02,4.0
2022-05-03,15.0
2022-05-04,17.0
2022-05-05,14.0
2022-05-06,9.0
2022-05-07,9.0
2022-05-08,8.0
2022-05-09,6.0
2022-05-10,5.0
2022-05-11,4.0
2022-05-12,4.0
2022-05-13,4.0
2022-05-14,5.0
2022-05-15,6.0
2022-05-16,5.0
2022-05-17,4.0
2022-05-18,5.0
2022-05-19,5.0
2022-05-20,5.0
2022-05-21,5.0
2022-05-22,5.0
2022-05-23,4.0
2022-05-24,5.0
2022-05-25,4.0
2022-05-26,3.0
2022-05-27,5.0
2022-05-28,6.0
2022-05-29,5.0
2022-05-30,5.0
2022-05-31,5.0
2022-06-01,4.0
2022-06-02,9.0
2022-06-03,5.0
2022-06-04,5.0
2022-06-05,6.0
2022-06-06,23.0
2022-06-07,18.0
2022-06-08,11.0
2022-06-09,10.0
2022-06-10,10.0
2022-06-11,8.0
2022-06-12,8.0
2022-06-13,7.0
2022-06-14,6.0
2022-06-15,6.0
2022-06-16,6.0
2022-06-17,6.0
2022-06-18,6.0
2022-06-19,6.0
2022-06-20,6.0
2022-06-21,9.0
2022-06-22,10.0
2022-06-23,6.0
2022-06-24,5.0
2022-06-25,5.0
2022-06-26,5.0
2022-06-27,5.0
2022-06-28,5.0
2022-06-29,4.0
2022-06-30,4.0
2022-07-01,4.0
2022-07-02,5.0
2022-07-03,4.0
2022-07-04,7.0
2022-07-05,5.0
2022-07-06,6.0
2022-07-07,6.0
2022-07-08,6.0
2022-07-09,6.0
2022-07-10,4.0
2022-07-11,5.0
2022-07-12,12.0
2022-07-13,17.0
2022-07-14,9.0
2022-07-15,7.0
2022-07-16,6.0
2022-07-17,6.0
2022-07-18,5.0
2022-07-19,3.0
2022-07-20,4.0
2022-07-21,4.0
2022-07-22,5.0
2022-07-23,51.0
2022-07-24,17.0
2022-07-25,15.0
2022-07-26,9.0
2022-07-27,29.0
2022-07-28,71.0
2022-07-29,55.0
2022-07-30,42.0
2022-07-31,25.0
2022-08-01,29.0
2022-08-02,19.0
2022-08-03,16.0
2022-08-04,9.0
2022-08-05,9.0
2022-08-06,7.0
2022-08-07,7.0
2022-08-08,7.0
2022-08-09,6.0
2022-08-10,7.0
2022-08-11,5.0
2022-08-12,6.0
2022-08-13,6.0
2022-08-14,10.0
2022-08-15,9.0
2022-08-16,7.0
2022-08-17,5.0
2022-08-18,4.0
2022-08-19,4.0
2022-08-20,4.0
2022-08-21,7.0
2022-08-22,5.0
2022-08-23,11.0
2022-08-24,5.0
2022-08-25,4.0
2022-08-26,4.0
2022-08-27,13.0
2022-08-28,100.0
2022-08-29,78.93072979900175
2022-08-30,37.03244300553082
2022-08-31,19.85768244975044
2022-09-01,11.414609469850262
2022-09-02,7.943072979900175
2022-09-03,8.337380277890192
2022-09-04,8.837380277890192
2022-09-05,7.943072979900175
2022-09-06,6.65445838392014
2022-09-07,5.260151085930122
2022-09-08,4.865843787940105
2022-09-09,4.865843787940105
2022-09-10,5.260151085930122
2022-09-11,5.260151085930122
2022-09-12,6.65445838392014
2022-09-13,17.174760555780384
2022-09-14,11.020302171860244
2022-09-15,7.048765681910158
2022-09-16,6.15445838392014
2022-09-17,6.15445838392014
2022-09-18,5.260151085930122
2022-09-19,4.865843787940105
2022-09-20,9.23168757588021
2022-09-21,6.65445838392014
2022-09-22,5.260151085930122
2022-09-23,4.865843787940105
2022-09-24,7.943072979900175
2022-09-25,8.837380277890192
2022-09-26,6.65445838392014
2022-09-27,5.260151085930122
2022-09-28,4.73168757588021
2022-09-29,3.943072979900175
2022-09-30,4.73168757588021
2022-10-01,3.943072979900175
2022-10-02,9.46337515176042
2022-10-03,5.520302171860245
2022-10-04,4.73168757588021
2022-10-05,3.943072979900175
2022-10-06,4.73168757588021
2022-10-07,3.943072979900175
2022-10-08,4.73168757588021
2022-10-09,5.520302171860245
2022-10-10,3.943072979900175
2022-10-11,4.73168757588021
2022-10-12,15.7722919196007
2022-10-13,11.829218939700525
2022-10-14,9.46337515176042
2022-10-15,7.097531363820315
2022-10-16,6.30891676784028
2022-10-17,4.73168757588021
2022-10-18,4.73168757588021
2022-10-19,5.520302171860245
2022-10-20,4.73168757588021
2022-10-21,3.943072979900175
2022-10-22,4.73168757588021
2022-10-23,5.520302171860245
2022-10-24,4.73168757588021
2022-10-25,5.520302171860245
2022-10-26,5.520302171860245
2022-10-27,7.88614595980035
2022-10-28,6.30891676784028
2022-10-29,6.30891676784028
2022-10-30,5.520302171860245
2022-10-31,5.520302171860245
2022-11-01,4.73168757588021
2022-11-02,7.097531363820315
2022-11-03,5.520302171860245
2022-11-04,4.73168757588021
2022-11-05,4.73168757588021
2022-11-06,6.30891676784028
2022-11-07,8.674760555780384
2022-11-08,7.097531363820315
2022-11-09,4.73168757588021
2022-11-10,3.943072979900175
2022-11-11,9.46337515176042
2022-11-12,21.292594091460945
2022-11-13,24.447052475381085
2022-11-14,10.251989747740456
2022-11-15,7.88614595980035
2022-11-16,5.520302171860245
2022-11-17,7.88614595980035
2022-11-18,7.88614595980035
2022-11-19,7.88614595980035
2022-11-20,7.097531363820315
2022-11-21,5.520302171860245
2022-11-22,5.520302171860245
2022-11-23,5.520302171860245
2022-11-24,4.73168757588021
2022-11-25,4.73168757588021
2022-11-26,4.73168757588021
2022-11-27,5.520302171860245
2022-11-28,5.520302171860245
2022-11-29,4.73168757588021
2022-11-30,4.73168757588021
2022-12-01,3.943072979900175
2022-12-02,4.73168757588021
2022-12-03,4.73168757588021
2022-12-04,5.520302171860245
2022-12-05,5.520302171860245
2022-12-06,4.73168757588021
2022-12-07,4.73168757588021
2022-12-08,4.73168757588021
2022-12-09,4.73168757588021
2022-12-10,5.520302171860245
2022-12-11,5.520302171860245
2022-12-12,5.520302171860245
2022-12-13,6.30891676784028
2022-12-14,6.30891676784028
2022-12-15,7.097531363820315
2022-12-16,6.30891676784028
2022-12-17,6.30891676784028
2022-12-18,5.520302171860245
2022-12-19,6.30891676784028
2022-12-20,6.30891676784028
2022-12-21,5.520302171860245
2022-12-22,5.520302171860245
2022-12-23,5.520302171860245
2022-12-24,5.520302171860245
2022-12-25,5.520302171860245
2022-12-26,6.30891676784028
2022-12-27,5.520302171860245
2022-12-28,7.097531363820315
2022-12-29,7.097531363820315
2022-12-30,6.30891676784028
2022-12-31,6.30891676784028
2023-01-01,5.520302171860245
2023-01-02,5.520302171860245
2023-01-03,7.097531363820315
2023-01-04,6.30891676784028
2023-01-05,5.520302171860245
2023-01-06,5.520302171860245
2023-01-07,7.097531363820315
2023-01-08,5.520302171860245
2023-01-09,3.943072979900175
2023-01-10,3.943072979900175
2023-01-11,5.520302171860245
2023-01-12,7.097531363820315
2023-01-13,4.73168757588021
2023-01-14,5.520302171860245
2023-01-15,5.520302171860245
2023-01-16,6.30891676784028
2023-01-17,3.943072979900175
2023-01-18,4.73168757588021
2023-01-19,4.73168757588021
2023-01-20,4.73168757588021
2023-01-21,7.097531363820315
2023-01-22,7.097531363820315
2023-01-23,4.73168757588021
2023-01-24,5.520302171860245
2023-01-25,4.73168757588021
2023-01-26,4.73168757588021
2023-01-27,4.73168757588021
2023-01-28,5.520302171860245
2023-01-29,6.30891676784028
2023-01-30,5.520302171860245
2023-01-31,7.88614595980035
2023-02-01,6.30891676784028
2023-02-02,6.30891676784028
2023-02-03,5.520302171860245
2023-02-04,6.30891676784028
2023-02-05,4.73168757588021
2023-02-06,3.943072979900175
2023-02-07,4.73168757588021
2023-02-08,4.73168757588021
2023-02-09,3.943072979900175
2023-02-10,3.943072979900175
2023-02-11,4.73168757588021
2023-02-12,5.520302171860245
2023-02-13,3.15445838392014
2023-02-14,2.365843787940105
2023-02-15,3.15445838392014
2023-02-16,3.15445838392014
2023-02-17,3.15445838392014
2023-02-18,4.73168757588021
2023-02-19,10.251989747740456
2023-02-20,11.829218939700525
2023-02-21,7.88614595980035
2023-02-22,5.520302171860245
2023-02-23,5.520302171860245
2023-02-24,5.520302171860245
2023-02-25,5.520302171860245
2023-02-26,5.520302171860245
2023-02-27,5.520302171860245
2023-02-28,5.520302171860245
2023-03-01,4.73168757588021
2023-03-02,6.30891676784028
2023-03-03,7.88614595980035
2023-03-04,7.097531363820315
2023-03-05,7.88614595980035
2023-03-06,14.19506272764063
2023-03-07,15.7722919196007
2023-03-08,16.560906515580736
2023-03-09,14.983677323620665
2023-03-10,11.04060434372049
2023-03-11,7.88614595980035
2023-03-12,7.097531363820315
2023-03-13,6.30891676784028
2023-03-14,7.097531363820315
2023-03-15,7.097531363820315
2023-03-16,6.30891676784028
2023-03-17,7.097531363820315
2023-03-18,7.097531363820315
2023-03-19,14.19506272764063
2023-03-20,9.46337515176042
2023-03-21,10.251989747740456
2023-03-22,8.674760555780384
2023-03-23,11.829218939700525
2023-03-24,10.251989747740456
2023-03-25,10.251989747740456
2023-03-26,8.674760555780384
2023-03-27,6.30891676784028
2023-03-28,6.30891676784028
2023-03-29,7.097531363820315
2023-03-30,7.097531363820315
2023-03-31,6.30891676784028
2023-04-01,7.097531363820315
2023-04-02,7.88614595980035
2023-04-03,6.30891676784028
2023-04-04,9.46337515176042
2023-04-05,9.46337515176042
2023-04-06,8.674760555780384
2023-04-07,6.30891676784028
2023-04-08,8.674760555780384
2023-04-09,6.30891676784028
2023-04-10,8.674760555780384
2023-04-11,7.88614595980035
2023-04-12,5.520302171860245
2023-04-13,6.30891676784028
2023-04-14,6.30891676784028
2023-04-15,6.30891676784028
2023-04-16,5.520302171860245
2023-04-17,5.520302171860245
2023-04-18,6.30891676784028
2023-04-19,7.097531363820315
2023-04-20,6.30891676784028
2023-04-21,5.520302171860245
2023-04-22,6.30891676784028
2023-04-23,8.674760555780384
2023-04-24,14.983677323620665
2023-04-25,33.12181303116147
2023-04-26,29.924186158008776
2023-04-27,42.487269414662684
2023-04-28,27.698903182569786
2023-04-29,27.698903182569786
2023-04-30,21.41736155424283
2023-05-01,19.586385876793862
2023-05-02,34.72220580270974
2023-05-03,20.328146868606858
2023-05-04,13.304844248466907
2023-05-05,11.079561273027915
2023-05-06,11.821322264840912
2023-05-07,15.530127223905897
2023-05-08,10.337800281214918
2023-05-09,9.248585595578941
2023-05-10,8.854278297588923
2023-05-11,9.596039289401922
2023-05-12,9.596039289401922
2023-05-13,8.854278297588923
2023-05-14,9.99034658739194
2023-05-15,9.248585595578941
2023-05-16,7.37075631396293
2023-05-17,8.854278297588923
2023-05-18,8.854278297588923
2023-05-19,8.506824603765946
2023-05-20,7.765063611952948
2023-05-21,8.506824603765946
2023-05-22,8.854278297588923
2023-05-23,9.99034658739194
2023-05-24,8.112517305775928
2023-05-25,7.765063611952948
2023-05-26,7.643981264105546
2023-05-27,9.033796039397464
2023-05-28,9.728703427043422
2023-05-29,10.42361081468938
2023-05-30,18.067592078794927
2023-05-31,22.23703640467068
2023-06-01,12.508332977627257
2023-06-02,10.42361081468938
2023-06-03,32.66064721936006
2023-06-04,36.83009154523581
2023-06-05,16.67777730350301
2023-06-06,11.813425589981298
2023-06-07,11.11851820233534
2023-06-08,9.033796039397464
2023-06-09,9.033796039397464
2023-06-10,9.033796039397464
2023-06-11,9.728703427043422
2023-06-12,7.643981264105546
2023-06-13,7.643981264105546
2023-06-14,6.949073876459587
2023-06-15,6.949073876459587
2023-06-16,6.949073876459587
2023-06-17,8.338888651751505
2023-06-18,7.643981264105546
2023-06-19,6.949073876459587
2023-06-20,6.949073876459587
2023-06-21,7.643981264105546
2023-06-22,5.55925910116767
2023-06-23,5.55925910116767
2023-06-24,5.55925910116767
2023-06-25,5.55925910116767
2023-06-26,4.864351713521711
2023-06-27,7.643981264105546
2023-06-28,9.033796039397464
2023-06-29,6.949073876459587
2023-06-30,5.55925910116767
2023-07-01,5.55925910116767
2023-07-02,7.643981264105546
2023-07-03,9.033796039397464
2023-07-04,6.254166488813628
2023-07-05,6.949073876459587
2023-07-06,6.254166488813628
2023-07-07,6.949073876459587
2023-07-08,6.254166488813628
2023-07-09,6.949073876459587
2023-07-10,4.1694443258757525
2023-07-11,4.1694443258757525
2023-07-12,3.4745369382297935
2023-07-13,4.864351713521711
2023-07-14,4.1694443258757525
2023-07-15,7.643981264105546
2023-07-16,7.643981264105546
2023-07-17,4.864351713521711
2023-07-18,4.864351713521711
2023-07-19,4.1694443258757525
2023-07-20,4.1694443258757525
2023-07-21,4.864351713521711
2023-07-22,6.254166488813628
2023-07-23,7.643981264105546
2023-07-24,5.55925910116767
2023-07-25,4.864351713521711
2023-07-26,4.864351713521711
2023-07-27,4.1694443258757525
2023-07-28,3.4745369382297935
2023-07-29,5.55925910116767
2023-07-30,6.949073876459587
2023-07-31,5.55925910116767
2023-08-01,9.033796039397464
2023-08-02,6.254166488813628
2023-08-03,4.1694443258757525
2023-08-04,4.1694443258757525
2023-08-05,4.864351713521711
2023-08-06,5.55925910116767
2023-08-07,4.1694443258757525
2023-08-08,4.1694443258757525
2023-08-09,10.42361081468938
2023-08-10,20.84722162937876
2023-08-11,13.898147752919174
2023-08-12,18.762499466440886
2023-08-13,19.457406854086845
2023-08-14,12.508332977627257
2023-08-15,9.728703427043422
2023-08-16,6.254166488813628
2023-08-17,6.254166488813628
2023-08-18,5.55925910116767
2023-08-19,4.864351713521711
2023-08-20,6.254166488813628
2023-08-21,5.55925910116767
2023-08-22,4.864351713521711
2023-08-23,4.864351713521711
2023-08-24,4.864351713521711
2023-08-25,5.55925910116767
2023-08-26,6.254166488813628
2023-08-27,7.643981264105546
2023-08-28,5.55925910116767
2023-08-29,9.033796039397464
2023-08-30,6.949073876459587
2023-08-31,4.1694443258757525
2023-09-01,4.1694443258757525
2023-09-02,4.864351713521711
2023-09-03,5.55925910116767
2023-09-04,7.643981264105546
2023-09-05,5.55925910116767
2023-09-06,8.338888651751505
2023-09-07,15.287962528211091
2023-09-08,9.728703427043422
2023-09-09,6.949073876459587
2023-09-10,6.949073876459587
2023-09-11,6.254166488813628
2023-09-12,6.254166488813628
2023-09-13,4.864351713521711
2023-09-14,4.864351713521711
2023-09-15,5.55925910116767
2023-09-16,5.55925910116767
2023-09-17,8.338888651751505
2023-09-18,9.033796039397464
2023-09-19,6.949073876459587
2023-09-20,5.55925910116767
2023-09-21,4.864351713521711
2023-09-22,4.1694443258757525
2023-09-23,4.864351713521711
2023-09-24,4.864351713521711
2023-09-25,4.864351713521711
2023-09-26,4.1694443258757525
2023-09-27,3.4745369382297935
2023-09-28,3.4745369382297935
2023-09-29,4.1694443258757525
2023-09-30,4.1694443258757525
2023-10-01,3.4745369382297935
2023-10-02,4.1694443258757525
2023-10-03,3.4745369382297935
2023-10-04,4.1694443258757525
2023-10-05,4.1694443258757525
2023-10-06,3.4745369382297935
2023-10-07,4.1694443258757525
2023-10-08,3.4745369382297935
2023-10-09,3.4745369382297935
2023-10-10,2.779629550583835
2023-10-11,3.4745369382297935
2023-10-12,3.4745369382297935
2023-10-13,4.864351713521711
2023-10-14,4.1694443258757525
2023-10-15,4.864351713521711
2023-10-16,3.4745369382297935
2023-10-17,2.779629550583835
2023-10-18,2.779629550583835
2023-10-19,6.949073876459587
2023-10-20,10.42361081468938
2023-10-21,6.949073876459587
2023-10-22,6.949073876459587
2023-10-23,5.55925910116767
2023-10-24,4.1694443258757525
2023-10-25,4.1694443258757525
2023-10-26,3.4745369382297935
2023-10-27,3.4745369382297935
2023-10-28,4.1694443258757525
2023-10-29,3.4745369382297935
2023-10-30,3.4745369382297935
2023-10-31,3.4745369382297935
2023-11-01,2.779629550583835
2023-11-02,3.4745369382297935
2023-11-03,3.4745369382297935
2023-11-04,4.1694443258757525
2023-11-05,4.864351713521711
2023-11-06,4.864351713521711
2023-11-07,4.864351713521711
2023-11-08,3.4745369382297935
2023-11-09,2.779629550583835
2023-11-10,4.1694443258757525
2023-11-11,4.1694443258757525
2023-11-12,4.864351713521711
2023-11-13,4.864351713521711
2023-11-14,5.55925910116767
2023-11-15,16.67777730350301
2023-11-16,39.609721095819644
2023-11-17,25.016665955254513
2023-11-18,19.457406854086845
2023-11-19,11.813425589981298
2023-11-20,9.728703427043422
2023-11-21,13.898147752919174
2023-11-22,18.762499466440886
2023-11-23,12.508332977627257
2023-11-24,8.338888651751505
2023-11-25,11.11851820233534
2023-11-26,11.11851820233534
2023-11-27,7.643981264105546
2023-11-28,7.643981264105546
2023-11-29,11.11851820233534
2023-11-30,9.033796039397464
2023-12-01,9.033796039397464
2023-12-02,10.42361081468938
2023-12-03,11.813425589981298
2023-12-04,10.42361081468938
2023-12-05,9.033796039397464
2023-12-06,9.728703427043422
2023-12-07,6.949073876459587
2023-12-08,7.643981264105546
2023-12-09,9.033796039397464
2023-12-10,13.203240365273215
2023-12-11,15.287962528211091
2023-12-12,27.10138811819239
2023-12-13,28.491202893484306
2023-12-14,27.796295505838348
2023-12-15,22.23703640467068
2023-12-16,20.152314241732803
2023-12-17,22.931943792316638
2023-12-18,20.84722162937876
2023-12-19,33.35555460700602
2023-12-20,53.50786884873882
2023-12-21,69.49073876459587
2023-12-22,61.98573897801951
2023-12-23,52.396017028505284
2023-12-24,49.477406000392264
2023-12-25,38.35888779805692
2023-12-26,35.44027676994389
2023-12-27,38.01143410423394
2023-12-28,38.01143410423394
2023-12-29,35.092823076120915
2023-12-30,33.21657312947683
2023-12-31,28.76916584854269
2024-01-01,27.72680476707375
2024-01-02,25.850554820429664
2024-01-03,25.850554820429664
2024-01-04,23.626851179962593
2024-01-05,23.626851179962593
2024-01-06,32.86911943565384
2024-01-07,37.31652671658798
2024-01-08,19.17944389902846
2024-01-09,18.4845365113825
2024-01-10,18.83199020520548
2024-01-11,19.52689759285144
2024-01-12,18.83199020520548
2024-01-13,25.850554820429664
2024-01-14,26.54546220807562
2024-01-15,21.750601233318505
2024-01-16,18.4845365113825
2024-01-17,16.95574025856139
2024-01-18,16.260832870915433
2024-01-19,16.95574025856139
2024-01-20,30.297962101363797
2024-01-21,25.989536297958853
2024-01-22,16.538795825973814
2024-01-23,16.538795825973814
2024-01-24,16.538795825973814
2024-01-25,25.989536297958853
2024-01-26,40.16564700593641
2024-01-27,56.70444283191023
2024-01-28,54.341757713913964
2024-01-29,33.07759165194763
2024-01-30,25.989536297958853
2024-01-31,25.989536297958853
2024-02-01,21.264166061966336
2024-02-02,23.626851179962593
2024-02-03,25.989536297958853
2024-02-04,25.989536297958853
2024-02-05,18.901480943970075
2024-02-06,16.538795825973814
2024-02-07,16.538795825973814
2024-02-08,16.538795825973814
2024-02-09,18.901480943970075
2024-02-10,25.989536297958853
2024-02-11,25.989536297958853
2024-02-12,18.901480943970075
2024-02-13,28.352221415955114
2024-02-14,35.44027676994389
2024-02-15,35.44027676994389
2024-02-16,37.80296188794015
2024-02-17,44.89101724192893
2024-02-18,47.253702359925185
2024-02-19,59.067127949906485
2024-02-20,54.341757713913964
2024-02-21,44.89101724192893
2024-02-22,33.07759165194763
2024-02-23,30.71490653395137
2024-02-24,37.80296188794015
2024-02-25,59.067127949906485
2024-02-26,37.80296188794015
2024-02-27,30.71490653395137
2024-02-28,35.44027676994389
2024-02-29,28.352221415955114
2024-03-01,30.71490653395137
2024-03-02,42.52833212393267
2024-03-03,236.26851179962594
2024-03-04,155.93721778775313
2024-03-05,106.32083030983168
2024-03-06,56.70444283191023
2024-03-07,49.61638747792145
2024-03-08,47.253702359925185
2024-03-09,73.24323865788404
2024-03-10,73.24323865788404
2024-03-11,54.341757713913964
2024-03-12,70.88055353988779
2024-03-13,54.341757713913964
2024-03-14,44.89101724192893
2024-03-15,49.61638747792145
2024-03-16,59.067127949906485
2024-03-17,54.341757713913964
2024-03-18,40.16564700593641
2024-03-19,33.07759165194763
2024-03-20,49.61638747792145
2024-03-21,37.80296188794015
2024-03-22,35.44027676994389
2024-03-23,49.61638747792145
2024-03-24,59.067127949906485
2024-03-25,40.16564700593641
2024-03-26,30.71490653395137
2024-03-27,30.71490653395137
2024-03-28,28.352221415955114
2024-03-29,28.352221415955114
2024-03-30,37.80296188794015
2024-03-31,37.80296188794015
2024-04-01,25.989536297958853
2024-04-02,23.626851179962593
2024-04-03,23.626851179962593
2024-04-04,25.989536297958853
2024-04-05,23.626851179962593
2024-04-06,25.989536297958853
2024-04-07,28.352221415955114
2024-04-08,21.264166061966336
2024-04-09,18.901480943970075
2024-04-10,18.901480943970075
2024-04-11,16.538795825973814
2024-04-12,16.538795825973814
2024-04-13,23.626851179962593
2024-04-14,23.626851179962593
2024-04-15,18.901480943970075
2024-04-16,21.264166061966336
2024-04-17,33.07759165194763
2024-04-18,42.52833212393267
2024-04-19,30.71490653395137
2024-04-20,30.71490653395137
2024-04-21,33.07759165194763
2024-04-22,30.71490653395137
2024-04-23,33.07759165194763
2024-04-24,47.253702359925185
2024-04-25,44.89101724192893
2024-04-26,40.16564700593641
2024-04-27,61.42981306790274
2024-04-28,80.33129401187281
2024-04-29,47.253702359925185
2024-04-30,35.44027676994389
2024-05-01,28.352221415955114
2024-05-02,30.71490653395137
2024-05-03,30.71490653395137
2024-05-04,37.80296188794015
2024-05-05,40.16564700593641
2024-05-06,25.989536297958853
2024-05-07,40.16564700593641
2024-05-08,28.352221415955114
2024-05-09,23.626851179962593
2024-05-10,21.264166061966336
2024-05-11,23.626851179962593
2024-05-12,28.352221415955114
2024-05-13,18.901480943970075
2024-05-14,21.264166061966336
2024-05-15,21.264166061966336
2024-05-16,18.901480943970075
2024-05-17,18.901480943970075
2024-05-18,23.626851179962593
2024-05-19,30.71490653395137
2024-05-20,21.264166061966336
2024-05-21,18.901480943970075
2024-05-22,18.901480943970075
2024-05-23,18.901480943970075
2024-05-24,16.538795825973814
2024-05-25,23.626851179962593
2024-05-26,23.626851179962593
2024-05-27,25.989536297958853
2024-05-28,18.901480943970075
2024-05-29,16.538795825973814
2024-05-30,16.538795825973814
2024-05-31,16.538795825973814
2024-06-01,18.901480943970075
2024-06-02,21.264166061966336
2024-06-03,14.176110707977557
2024-06-04,14.176110707977557
2024-06-05,16.538795825973814
2024-06-06,16.538795825973814
2024-06-07,18.901480943970075
2024-06-08,21.264166061966336
2024-06-09,23.626851179962593
2024-06-10,23.626851179962593
2024-06-11,21.264166061966336
2024-06-12,16.538795825973814
2024-06-13,16.538795825973814
2024-06-14,16.538795825973814
2024-06-15,21.264166061966336
2024-06-16,28.352221415955114
2024-06-17,14.176110707977557
2024-06-18,16.538795825973814
2024-06-19,14.176110707977557
2024-06-20,14.176110707977557
2024-06-21,16.538795825973814
2024-06-22,21.264166061966336
2024-06-23,18.901480943970075
2024-06-24,14.176110707977557
2024-06-25,11.813425589981296
2024-06-26,14.176110707977557
2024-06-27,11.813425589981296
2024-06-28,11.813425589981296
2024-06-29,11.813425589981296
2024-06-30,14.176110707977557
2024-07-01,14.176110707977557
2024-07-02,11.813425589981296
2024-07-03,11.813425589981296
2024-07-04,14.176110707977557
2024-07-05,16.538795825973814
2024-07-06,21.264166061966336
2024-07-07,23.626851179962593
2024-07-08,18.901480943970075
2024-07-09,18.901480943970075
2024-07-10,18.901480943970075
2024-07-11,18.901480943970075
2024-07-12,16.538795825973814
2024-07-13,16.538795825973814
2024-07-14,16.538795825973814
2024-07-15,14.176110707977557
2024-07-16,11.813425589981296
2024-07-17,14.176110707977557
2024-07-18,14.176110707977557
2024-07-19,11.813425589981296
2024-07-20,16.538795825973814
2024-07-21,18.901480943970075
2024-07-22,14.176110707977557
2024-07-23,14.176110707977557
2024-07-24,21.264166061966336
2024-07-25,18.901480943970075
2024-07-26,16.538795825973814
2024-07-27,16.538795825973814
2024-07-28,18.901480943970075
2024-07-29,18.901480943970075
2024-07-30,25.989536297958853
2024-07-31,25.989536297958853
2024-08-01,18.901480943970075
2024-08-02,14.176110707977557
2024-08-03,14.176110707977557
2024-08-04,18.901480943970075
2024-08-05,14.176110707977557
2024-08-06,11.813425589981296
2024-08-07,14.176110707977557
2024-08-08,14.176110707977557
2024-08-09,14.176110707977557
2024-08-10,14.176110707977557
2024-08-11,16.538795825973814
2024-08-12,14.176110707977557
2024-08-13,11.813425589981296
2024-08-14,14.176110707977557
2024-08-15,11.813425589981296
2024-08-16,35.44027676994389
2024-08-17,51.97907259591771
2024-08-18,44.85988616201081
2024-08-19,46.6015881595351
2024-08-20,30.48715810718197
2024-08-21,25.32267579655492
2024-08-22,18.976850926929735
2024-08-23,18.416491488403576
2024-08-24,18.976850926929735
2024-08-25,21.278912362980183
2024-08-26,18.976850926929735
2024-08-27,23.58097379903063
2024-08-28,13.812368616302683
2024-08-29,13.812368616302683
2024-08-30,16.674789490879284
2024-08-31,16.11443005235313
2024-09-01,21.278912362980183
2024-09-02,19.53721036545589
2024-09-03,16.11443005235313
2024-09-04,13.812368616302683
2024-09-05,14.37272805482884
2024-09-06,11.510307180252234
2024-09-07,12.070666618778393
2024-09-08,14.37272805482884
2024-09-09,14.37272805482884
2024-09-10,13.252009177776523
2024-09-11,21.278912362980183
2024-09-12,20.718552924454023
2024-09-13,16.674789490879284
2024-09-14,18.416491488403576
2024-09-15,18.976850926929735
2024-09-16,12.070666618778393
2024-09-17,13.448626524627809
2024-09-18,12.32790764757549
2024-09-19,12.32790764757549
2024-09-20,12.32790764757549
2024-09-21,15.690064278732443
2024-09-22,13.448626524627809
2024-09-23,12.32790764757549
2024-09-24,12.32790764757549
2024-09-25,14.569345401680126
2024-09-26,17.931502032837077
2024-09-27,20.17293978694171
2024-09-28,21.29365866399403
2024-09-29,29.13869080336025
2024-09-30,26.897253049255617
2024-10-01,23.535096418098664
2024-10-02,21.29365866399403
2024-10-03,24.65581529515098
2024-10-04,28.017971926307933
2024-10-05,33.62156631156952
2024-10-06,25.7765341722033
2024-10-07,21.29365866399403
2024-10-08,28.017971926307933
2024-10-09,34.742285188621835
2024-10-10,36.98372294272647
2024-10-11,16.81078315578476
2024-10-12,29.13869080336025
2024-10-13,31.380128557464886
2024-10-14,22.414377541046345
2024-10-15,16.81078315578476
2024-10-16,26.897253049255617
2024-10-17,31.380128557464886
2024-10-18,21.29365866399403
2024-10-19,23.535096418098664
2024-10-20,21.29365866399403
2024-10-21,17.931502032837077
2024-10-22,16.81078315578476
2024-10-23,16.81078315578476
2024-10-24,14.569345401680126
2024-10-25,15.690064278732443
2024-10-26,14.569345401680126
2024-10-27,14.569345401680126
2024-10-28,12.32790764757549
2024-10-29,12.32790764757549
2024-10-30,13.448626524627809
2024-10-31,13.448626524627809
2024-11-01,14.569345401680126
2024-11-02,14.569345401680126
2024-11-03,13.448626524627809
2024-11-04,11.207188770523173
2024-11-05,10.086469893470856
2024-11-06,12.32790764757549
2024-11-07,11.207188770523173
2024-11-08,11.207188770523173
2024-11-09,13.448626524627809
2024-11-10,12.32790764757549
2024-11-11,11.207188770523173
2024-11-12,12.32790764757549
2024-11-13,13.448626524627809
2024-11-14,19.052220909889396
2024-11-15,25.7765341722033
2024-11-16,22.414377541046345
2024-11-17,17.931502032837077
2024-11-18,13.448626524627809
2024-11-19,12.32790764757549
2024-11-20,11.207188770523173
2024-11-21,12.32790764757549
2024-11-22,13.448626524627809
2024-11-23,17.931502032837077
2024-11-24,17.931502032837077
2024-11-25,13.448626524627809
2024-11-26,11.207188770523173
2024-11-27,14.569345401680126
2024-11-28,16.81078315578476
2024-11-29,19.052220909889396
2024-11-30,17.931502032837077
2024-12-01,14.569345401680126
2024-12-02,12.32790764757549
2024-12-03,16.81078315578476
2024-12-04,13.448626524627809
2024-12-05,12.32790764757549
2024-12-06,11.207188770523173
2024-12-07,13.448626524627809
2024-12-08,13.448626524627809
2024-12-09,10.086469893470856
2024-12-10,11.207188770523173
2024-12-11,12.32790764757549
2024-12-12,15.690064278732443
2024-12-13,22.414377541046345
2024-12-14,35.863004065674154
2024-12-15,43.70803620504037
2024-12-16,41.46659845093574
2024-12-17,112.07188770523173
2024-12-18,91.89894791829002
2024-12-19,76.20888363955758
2024-12-20,41.46659845093574
2024-12-21,26.897253049255617
2024-12-22,22.414377541046345
2024-12-23,20.17293978694171
2024-12-24,21.29365866399403
2024-12-25,21.29365866399403
2024-12-26,30.259409680412567
2024-12-27,26.897253049255617
2024-12-28,20.17293978694171
2024-12-29,20.17293978694171
2024-12-30,16.81078315578476
2024-12-31,16.81078315578476
2025-01-01,17.931502032837077
2025-01-02,17.931502032837077
2025-01-03,20.17293978694171
2025-01-04,20.17293978694171
2025-01-05,17.931502032837077
2025-01-06,16.81078315578476
2025-01-07,14.569345401680126
2025-01-08,16.81078315578476
2025-01-09,17.931502032837077
2025-01-10,14.569345401680126
2025-01-11,14.569345401680126
2025-01-12,15.690064278732443
2025-01-13,13.448626524627809
2025-01-14,12.32790764757549
2025-01-15,15.690064278732443
2025-01-16,13.448626524627809
2025-01-17,13.448626524627809
2025-01-18,14.569345401680126
2025-01-19,15.690064278732443
2025-01-20,13.448626524627809
2025-01-21,12.32790764757549
2025-01-22,19.052220909889396
2025-01-23,16.81078315578476
2025-01-24,14.569345401680126
2025-01-25,15.690064278732443
2025-01-26,15.690064278732443
2025-01-27,14.569345401680126
2025-01-28,11.207188770523173
2025-01-29,11.207188770523173
2025-01-30,12.32790764757549
2025-01-31,11.207188770523173
2025-02-01,12.32790764757549
2025-02-02,17.931502032837077
2025-02-03,12.32790764757549
2025-02-04,11.207188770523173
2025-02-05,11.207188770523173
2025-02-06,12.32790764757549
2025-02-07,11.207188770523173
2025-02-08,13.448626524627809
2025-02-09,13.448626524627809
2025-02-10,25.7765341722033
2025-02-11,12.32790764757549
2025-02-12,11.207188770523173
2025-02-13,11.207188770523173
2025-02-14,10.086469893470856
2025-02-15,14.569345401680126
2025-02-16,14.569345401680126
2025-02-17,13.448626524627809
2025-02-18,12.32790764757549
2025-02-19,12.32790764757549
2025-02-20,11.207188770523173
2025-02-21,12.32790764757549
2025-02-22,12.32790764757549
2025-02-23,13.448626524627809
2025-02-24,11.207188770523173
2025-02-25,15.690064278732443
2025-02-26,12.32790764757549
2025-02-27,12.32790764757549
2025-02-28,11.207188770523173
2025-03-01,13.448626524627809
2025-03-02,14.569345401680126
2025-03-03,14.569345401680126
2025-03-04,14.569345401680126
2025-03-05,13.448626524627809
2025-03-06,11.207188770523173
2025-03-07,12.32790764757549
2025-03-08,16.81078315578476
2025-03-09,14.569345401680126
2025-03-10,12.32790764757549
2025-03-11,11.207188770523173
2025-03-12,12.32790764757549
2025-03-13,13.448626524627809
2025-03-14,10.086469893470856
2025-03-15,11.207188770523173
2025-03-16,11.207188770523173
2025-03-17,8.965751016418539
2025-03-18,10.086469893470856
2025-03-19,11.207188770523173
2025-03-20,12.32790764757549
2025-03-21,12.32790764757549
2025-03-22,12.32790764757549
2025-03-23,12.32790764757549
2025-03-24,11.207188770523173
2025-03-25,13.448626524627809
2025-03-26,17.931502032837077
2025-03-27,19.052220909889396
2025-03-28,22.414377541046345
2025-03-29,24.65581529515098
2025-03-30,33.62156631156952
2025-03-31,52.673787221458916
2025-04-01,63.88097599198209
2025-04-02,42.58731732798806
2025-04-03,35.863004065674154
2025-04-04,30.259409680412567
2025-04-05,31.380128557464886
2025-04-06,32.500847434517205
2025-04-07,25.7765341722033
2025-04-08,25.7765341722033
2025-04-09,20.17293978694171
2025-04-10,17.931502032837077
2025-04-11,19.052220909889396
2025-04-12,21.29365866399403
2025-04-13,20.17293978694171
2025-04-14,15.690064278732443
2025-04-15,17.557929073819636
2025-04-16,15.690064278732443
2025-04-17,13.261840045119088
2025-04-18,16.2504237172586
2025-04-19,18.118288512345796
2025-04-20,18.678647950871955
2025-04-21,13.261840045119088
2025-04-22,15.690064278732443
2025-04-23,13.261840045119088
2025-04-24,12.701480606592929
2025-04-25,13.261840045119088
2025-04-26,15.690064278732443
2025-04-27,18.118288512345796
2025-04-28,13.261840045119088
2025-04-29,13.261840045119088
2025-04-30,15.129704840206283
2025-05-01,12.701480606592929
2025-05-02,12.701480606592929
2025-05-03,12.701480606592929
2025-05-04,22.974736979572505
2025-05-05,23.535096418098664
2025-05-06,28.95190432385153
2025-05-07,20.54651274595915
2025-05-08,16.2504237172586
2025-05-09,18.118288512345796
2025-05-10,16.2504237172586
2025-05-11,15.129704840206283
2025-05-12,12.701480606592929
2025-05-13,10.833615811505734
2025-05-14,10.273256372979574
2025-05-15,10.460042852488295
2025-05-16,10.460042852488295
2025-05-17,13.075053565610368
2025-05-18,13.075053565610368
2025-05-19,10.460042852488295
2025-05-20,10.460042852488295
2025-05-21,10.460042852488295
2025-05-22,20.92008570497659
2025-05-23,18.305074991854514
2025-05-24,13.075053565610368
2025-05-25,15.690064278732443
2025-05-26,13.075053565610368
2025-05-27,10.460042852488295
2025-05-28,10.460042852488295
2025-05-29,41.84017140995318
2025-05-30,88.91036424615051
2025-05-31,62.76025711492977
2025-06-01,52.30021426244147
2025-06-02,33.99513927058696
2025-06-03,31.380128557464886
2025-06-04,31.380128557464886
2025-06-05,36.61014998370903
2025-06-06,49.6852035493194
2025-06-07,44.455182123075254
2025-06-08,41.84017140995318
2025-06-09,36.61014998370903
2025-06-10,47.07019283619733
2025-06-11,52.30021426244147
2025-06-12,52.30021426244147
2025-06-13,39.225160696831104
2025-06-14,36.61014998370903
2025-06-15,47.07019283619733
2025-06-16,28.76511784434281
2025-06-17,26.150107131220736
2025-06-18,23.535096418098664
2025-06-19,20.92008570497659
2025-06-20,18.305074991854514
2025-06-21,20.92008570497659
2025-06-22,18.305074991854514
2025-06-23,13.075053565610368
2025-06-24,13.075053565610368
2025-06-25,13.075053565610368
2025-06-26,13.075053565610368
2025-06-27,18.305074991854514
2025-06-28,54.91522497556355
2025-06-29,54.91522497556355
2025-06-30,41.84017140995318
2025-07-01,33.99513927058696
2025-07-02,31.380128557464886
2025-07-03,28.76511784434281
2025-07-04,28.76511784434281
2025-07-05,26.150107131220736
2025-07-06,23.535096418098664
2025-07-07,26.150107131220736
2025-07-08,20.92008570497659
2025-07-09,15.690064278732443
2025-07-10,18.305074991854514
2025-07-11,18.305074991854514
2025-07-12,18.305074991854514
2025-07-13,20.92008570497659
2025-07-14,18.305074991854514
2025-07-15,15.690064278732443
2025-07-16,15.690064278732443
2025-07-17,15.690064278732443
2025-07-18,13.075053565610368
2025-07-19,15.690064278732443
2025-07-20,18.305074991854514
2025-07-21,15.690064278732443
2025-07-22,15.690064278732443
2025-07-23,15.690064278732443
2025-07-24,23.535096418098664
2025-07-25,31.380128557464886
2025-07-26,31.380128557464886
2025-07-27,62.76025711492977
2025-07-28,128.13552494298162
2025-07-29,180.4357392054231
2025-07-30,251.0410284597191
2025-07-31,261.5010713122074
2025-08-01,219.6608999022542
2025-08-02,245.81100703347494
2025-08-03,198.7408141972776
2025-08-04,261.5010713122074
2025-08-05,217.0458891891321
2025-08-06,122.90550351673747
2025-08-07,109.8304499511271
2025-08-08,81.06533210678428
2025-08-09,86.29535353302843
2025-08-10,67.99027854117392
2025-08-11,49.6852035493194
2025-08-12,54.91522497556355
2025-08-13,47.07019283619733
2025-08-14,36.61014998370903
2025-08-15,33.99513927058696
2025-08-16,41.84017140995318
2025-08-17,41.84017140995318
2025-08-18,31.380128557464886
2025-08-19,28.76511784434281
2025-08-20,28.76511784434281
2025-08-21,31.380128557464886
2025-08-22,33.99513927058696
2025-08-23,33.99513927058696
2025-08-24,33.99513927058696
2025-08-25,26.150107131220736
2025-08-26,20.92008570497659
2025-08-27,20.92008570497659
2025-08-28,18.305074991854514
2025-08-29,20.92008570497659
2025-08-30,33.99513927058696
2025-08-31,39.225160696831104
2025-09-01,31.380128557464886
2025-09-02,23.535096418098664
2025-09-03,36.61014998370903
2025-09-04,39.225160696831104
2025-09-05,31.380128557464886
2025-09-06,33.99513927058696
2025-09-07,28.76511784434281
2025-09-08,20.92008570497659
2025-09-09,18.305074991854514
2025-09-10,15.690064278732443
2025-09-11,15.690064278732443
2025-09-12,20.92008570497659
2025-09-13,20.92008570497659
2025-09-14,20.92008570497659
2025-09-15,41.84017140995318
2025-09-16,31.380128557464886
2025-09-17,28.76511784434281
2025-09-18,20.92008570497659
2025-09-19,18.305074991854514
2025-09-20,20.92008570497659
2025-09-21,18.305074991854514
2025-09-22,13.075053565610368
2025-09-23,13.075053565610368
2025-09-24,13.075053565610368
2025-09-25,13.075053565610368
2025-09-26,15.690064278732443
2025-09-27,15.690064278732443
2025-09-28,15.690064278732443
2025-09-29,15.690064278732443
2025-09-30,18.305074991854514
2025-10-01,15.690064278732443
2025-10-02,15.690064278732443
2025-10-03,13.075053565610368
2025-10-04,15.690064278732443
2025-10-05,15.690064278732443
2025-10-06,13.075053565610368
2025-10-07,10.460042852488295
2025-10-08,13.075053565610368
2025-10-09,13.075053565610368
2025-10-10,10.460042852488295
2025-10-11,13.075053565610368
2025-10-12,13.075053565610368
2025-10-13,13.075053565610368
2025-10-14,10.460042852488295
2025-10-15,10.460042852488295
2025-10-16,10.460042852488295
2025-10-17,10.460042852488295
2025-10-18,13.075053565610368
2025-10-19,13.075053565610368
2025-10-20,10.460042852488295
2025-10-21,10.460042852488295
2025-10-22,10.460042852488295
2025-10-23,13.075053565610368
2025-10-24,10.460042852488295
2025-10-25,13.075053565610368
2025-10-26,15.690064278732443
2025-10-27,15.690064278732443
2025-10-28,18.305074991854514
2025-10-29,36.61014998370903
2025-10-30,190.8957820579114
2025-10-31,227.5059320416204
2025-11-01,151.67062136108026
2025-11-02,88.91036424615051
2025-11-03,60.1452464018077
2025-11-04,52.30021426244147
2025-11-05,44.455182123075254
2025-11-06,44.455182123075254
2025-11-07,70.60528925429598
2025-11-08,75.83531068054013
2025-11-09,60.1452464018077
2025-11-10,57.53023568868562
2025-11-11,54.91522497556355
2025-11-12,52.30021426244147
2025-11-13,49.6852035493194
2025-11-14,36.61014998370903
2025-11-15,33.99513927058696
2025-11-16,33.99513927058696
2025-11-17,23.535096418098664
2025-11-18,20.92008570497659
2025-11-19,20.92008570497659
2025-11-20,20.92008570497659
2025-11-21,20.92008570497659
2025-11-22,23.535096418098664
2025-11-23,20.92008570497659
2025-11-24,18.305074991854514
2025-11-25,15.690064278732443
2025-11-26,23.535096418098664
2025-11-27,23.535096418098664
2025-11-28,26.150107131220736
2025-11-29,23.535096418098664
2025-11-30,28.76511784434281
2025-12-01,20.92008570497659
2025-12-02,26.150107131220736
2025-12-03,31.380128557464886
2025-12-04,33.99513927058696
2025-12-05,36.61014998370903
2025-12-06,39.225160696831104
2025-12-07,39.225160696831104
2025-12-08,31.380128557464886
2025-12-09,28.76511784434281
2025-12-10,23.535096418098664
2025-12-11,23.535096418098664
2025-12-12,25.496354452940217
2025-12-13,28.76511784434281
2025-12-14,25.496354452940217
2025-12-15,17.978198652714255
2025-12-16,26.803859809501255
2025-12-17,36.283273644568766
2025-12-18,35.95639730542851
2025-12-19,28.76511784434281
2025-12-20,36.93702632284929
2025-12-21,35.95639730542851
2025-12-22,44.12830578393499
2025-12-23,37.26390266198955
2025-12-24,36.93702632284929
2025-12-25,36.61014998370903
2025-12-26,42.16704774909344
2025-12-27,51.64646158416095
2025-12-28,56.8764830104051
2025-12-29,47.07019283619733
2025-12-30,41.513295070812916
2025-12-31,43.801429444794735
2026-01-01,39.225160696831104
2026-01-02,41.513295070812916
2026-01-03,44.455182123075254
2026-01-04,46.743316497057066
2026-01-05,39.225160696831104
2026-01-06,41.513295070812916
2026-01-07,44.455182123075254
2026-01-08,31.380128557464886
2026-01-09,26.150107131220736
2026-01-10,33.99513927058696
2026-01-11,36.61014998370903
2026-01-12,28.76511784434281
2026-01-13,23.535096418098664
2026-01-14,31.380128557464886
2026-01-15,36.61014998370903
2026-01-16,32.033881235745405
2026-01-17,34.64889194886748
2026-01-18,32.033881235745405
2026-01-19,28.111365166062292
2026-01-20,22.227591061537627
2026-01-21,25.496354452940217
2026-01-22,19.612580348415552
2026-01-23,18.305074991854514
2026-01-24,24.188849096379183
2026-01-25,23.535096418098664
2026-01-26,27.457612487781773
2026-01-27,49.03145087103888
2026-01-28,57.53023568868562
2026-01-29,47.72394551447785
2026-01-30,50.992708905880434
2026-01-31,51.64646158416095
2026-02-01,55.568977653844065
2026-02-02,33.99513927058696
2026-02-03,29.41887052262333
2026-02-04,31.380128557464886
2026-02-05,30.726375879184367
2026-02-06,30.726375879184367
2026-02-07,36.61014998370903
2026-02-08,34.64889194886748
2026-02-09,28.111365166062292
2026-02-10,22.227591061537627
2026-02-11,20.26633302669607
2026-02-12,21.573838383257108
2026-02-13,22.227591061537627
2026-02-14,28.76511784434281
2026-02-15,29.41887052262333
2026-02-16,24.188849096379183
2026-02-17,20.26633302669607
2026-02-18,21.573838383257108
2026-02-19,22.227591061537627
2026-02-20,17.651322313573996
2026-02-21,20.92008570497659
2026-02-22,21.573838383257108
2026-02-23,17.651322313573996
2026-02-24,14.382558922171405
2026-02-25,13.075053565610368
2026-02-26,14.382558922171405
2026-02-27,15.690064278732443
2026-02-28,18.305074991854514
2026-03-01,18.305074991854514
2026-03-02,18.305074991854514
2026-03-03,21.573838383257108
2026-03-04,16.34381695701296
2026-03-05,15.036311600451924
2026-03-06,13.728806243890887
2026-03-07,18.958827670135033
2026-03-08,16.99756963529348
2026-03-09,13.075053565610368
2026-03-10,12.42130088732985
2026-03-11,13.075053565610368
2026-03-12,13.728806243890887
2026-03-13,15.690064278732443
2026-03-14,18.305074991854514
2026-03-15,18.958827670135033
2026-03-16,18.305074991854514
2026-03-17,17.651322313573996
2026-03-18,15.690064278732443
2026-03-19,15.036311600451924
2026-03-20,13.075053565610368
2026-03-21,17.651322313573996
2026-03-22,17.651322313573996
2026-03-23,15.036311600451924
2026-03-24,16.99756963529348
2026-03-25,18.958827670135033
2026-03-26,18.305074991854514
2026-03-27,17.651322313573996
2026-03-28,18.305074991854514
2026-03-29,21.573838383257108
2026-03-30,18.958827670135033
2026-03-31,15.690064278732443
2026-04-01,16.99756963529348
2026-04-02,17.651322313573996
2026-04-03,20.26633302669607
2026-04-04,20.92008570497659
2026-04-05,25.496354452940217
2026-04-06,23.535096418098664
2026-04-07,20.92008570497659
2026-04-08,24.8426017746597
2026-04-09,28.76511784434281
2026-04-10,24.188849096379183
2026-04-11,31.380128557464886
2026-04-12,46.41644015791681
2026-04-13,61.452751758368734
2026-04-14,54.26147229728303
2026-04-15,56.8764830104051
2026-04-16,47.07019283619733
2026-04-17,37.26390266198955
2026-04-18,34.64889194886748
2026-04-19,33.34138659230644
2026-04-20,59.49149372352718
2026-04-21,64.06776247149081
2026-04-22,45.76268747963629
2026-04-23,33.99513927058696
2026-04-24,28.76511784434281
2026-04-25,34.64889194886748
2026-04-26,42.4939240882337
2026-04-27,42.4939240882337
2026-04-28,39.225160696831104
2026-04-29,30.726375879184367
2026-04-30,28.111365166062292
2026-05-01,30.07262320090385
2026-05-02,34.64889194886748
2026-05-03,30.726375879184367
2026-05-04,24.8426017746597
2026-05-05,22.227591061537627
2026-05-06,18.958827670135033
2026-05-07,16.99756963529348
2026-05-08,16.34381695701296
2026-05-09,20.92008570497659
2026-05-10,20.26633302669607
2026-05-11,49.03145087103888
2026-05-12,65.37526782805185
2026-05-13,47.07019283619733
2026-05-14,30.726375879184367
2026-05-15,24.188849096379183
2026-05-16,27.457612487781773
2026-05-17,25.496354452940217
2026-05-18,24.8426017746597
2026-05-19,23.535096418098664
2026-05-20,21.573838383257108
2026-05-21,20.26633302669607
2026-05-22,18.305074991854514
2026-05-23,21.573838383257108
2026-05-24,24.188849096379183
2026-05-25,45.76268747963629
2026-05-26,51.64646158416095
2026-05-27,37.26390266198955
2026-05-28,27.457612487781773
2026-05-29,22.227591061537627
2026-05-30,22.227591061537627
2026-05-31,28.76511784434281
