Time,thor love and thunder
2024-08-18,23
2024-08-19,18
2024-08-20,17
2024-08-21,22
2024-08-22,17
2024-08-23,18
2024-08-24,23
2024-08-25,28
2024-08-26,14
2024-08-27,18
2024-08-28,13
2024-08-29,15
2024-08-30,14
2024-08-31,14
2024-09-01,17
2024-09-02,22
2024-09-03,17
2024-09-04,16
2024-09-05,14
2024-09-06,7
2024-09-07,12
2024-09-08,15
2024-09-09,14
2024-09-10,12
2024-09-11,12
2024-09-12,15
2024-09-13,10
2024-09-14,19
2024-09-15,13
2024-09-16,15
2024-09-17,20
2024-09-18,10
2024-09-19,23
2024-09-20,70
2024-09-21,28
2024-09-22,18
2024-09-23,13
2024-09-24,12
2024-09-25,16
2024-09-26,13
2024-09-27,12
2024-09-28,15
2024-09-29,23
2024-09-30,72
2024-10-01,16
2024-10-02,10
2024-10-03,13
2024-10-04,11
2024-10-05,14
2024-10-06,15
2024-10-07,10
2024-10-08,12
2024-10-09,9
2024-10-10,9
2024-10-11,12
2024-10-12,16
2024-10-13,21
2024-10-14,9
2024-10-15,10
2024-10-16,9
2024-10-17,17
2024-10-18,17
2024-10-19,15
2024-10-20,14
2024-10-21,11
2024-10-22,8
2024-10-23,12
2024-10-24,12
2024-10-25,11
2024-10-26,10
2024-10-27,11
2024-10-28,12
2024-10-29,10
2024-10-30,13
2024-10-31,14
2024-11-01,12
2024-11-02,17
2024-11-03,17
2024-11-04,10
2024-11-05,10
2024-11-06,32
2024-11-07,9
2024-11-08,6
2024-11-09,14
2024-11-10,12
2024-11-11,54
2024-11-12,12
2024-11-13,9
2024-11-14,12
2024-11-15,10
2024-11-16,9
2024-11-17,29
2024-11-18,15
2024-11-19,32
2024-11-20,13
2024-11-21,11
2024-11-22,11
2024-11-23,13
2024-11-24,11
2024-11-25,12
2024-11-26,11
2024-11-27,12
2024-11-28,24
2024-11-29,11
2024-11-30,28
2024-12-01,35
2024-12-02,8
2024-12-03,6
2024-12-04,6
2024-12-05,8
2024-12-06,9
2024-12-07,12
2024-12-08,34
2024-12-09,13
2024-12-10,10
2024-12-11,10
2024-12-12,12
2024-12-13,10
2024-12-14,10
2024-12-15,15
2024-12-16,8
2024-12-17,33
2024-12-18,12
2024-12-19,7
2024-12-20,12
2024-12-21,11
2024-12-22,15
2024-12-23,13
2024-12-24,47
2024-12-25,15
2024-12-26,16
2024-12-27,16
2024-12-28,25
2024-12-29,22
2024-12-30,67
2024-12-31,35
2025-01-01,26
2025-01-02,22
2025-01-03,15
2025-01-04,20
2025-01-05,21
2025-01-06,13
2025-01-07,16
2025-01-08,14
2025-01-09,8
2025-01-10,10
2025-01-11,15
2025-01-12,65
2025-01-13,15
2025-01-14,13
2025-01-15,11
2025-01-16,13
2025-01-17,13
2025-01-18,19
2025-01-19,12
2025-01-20,15
2025-01-21,12
2025-01-22,14
2025-01-23,11
2025-01-24,11
2025-01-25,39
2025-01-26,27
2025-01-27,15
2025-01-28,11
2025-01-29,10
2025-01-30,9
2025-01-31,12
2025-02-01,18
2025-02-02,21
2025-02-03,12
2025-02-04,13
2025-02-05,14
2025-02-06,12
2025-02-07,16
2025-02-08,14
2025-02-09,13
2025-02-10,12
2025-02-11,14
2025-02-12,12
2025-02-13,39
2025-02-14,16
2025-02-15,20
2025-02-16,54
2025-02-17,21
2025-02-18,13
2025-02-19,13
2025-02-20,17
2025-02-21,15
2025-02-22,15
2025-02-23,23
2025-02-24,100
2025-02-25,14
2025-02-26,17
2025-02-27,8
2025-02-28,31
2025-03-01,18
2025-03-02,16
2025-03-03,15
2025-03-04,13
2025-03-05,10
2025-03-06,11
2025-03-07,9
2025-03-08,16
2025-03-09,14
2025-03-10,13
2025-03-11,10
2025-03-12,11
2025-03-13,9
2025-03-14,9
2025-03-15,15
2025-03-16,11
2025-03-17,13
2025-03-18,0
2025-03-19,10
2025-03-20,15
2025-03-21,11
2025-03-22,14
2025-03-23,20
2025-03-24,19
2025-03-25,9
2025-03-26,15
2025-03-27,12
2025-03-28,13
2025-03-29,13
2025-03-30,19
2025-03-31,16
2025-04-01,9
2025-04-02,0
2025-04-03,12
2025-04-04,26
2025-04-05,18
2025-04-06,14
2025-04-07,15
2025-04-08,16
2025-04-09,10
2025-04-10,7
2025-04-11,15
2025-04-12,18
2025-04-13,27
2025-04-14,14
2025-04-15,14
2025-04-16,9
2025-04-17,24
2025-04-18,13
2025-04-19,16
2025-04-20,20
2025-04-21,11
2025-04-22,10
2025-04-23,12
2025-04-24,9
2025-04-25,8
2025-04-26,13
2025-04-27,30
2025-04-28,7
2025-04-29,10
2025-04-30,9
2025-05-01,16
2025-05-02,40
2025-05-03,22
2025-05-04,36
2025-05-05,18
2025-05-06,13
2025-05-07,17
2025-05-08,11
2025-05-09,12
2025-05-10,18
2025-05-11,18
2025-05-12,16
2025-05-13,17
2025-05-14,15
